fecha_rebalanceo,momentum_126d,olps_rmr,xgboost_trend,hmm_garch
2005-01-03,0.25,0.25,0.25,0.25
2005-02-02,0.25,0.25,0.25,0.25
2005-03-04,0.25,0.25,0.25,0.25
2005-04-05,0.25,0.25,0.25,0.25
2005-05-04,0.0,0.7619993358830972,0.23800066411690274,0.0
2005-06-03,0.0,0.7497504575177498,0.25024954248225023,0.0
2005-07-05,0.0,0.49974652663170555,0.5002534733682944,0.0
2005-08-03,0.23612795998242594,0.44314254414050475,0.3207294958770693,0.0
2005-09-01,0.3809278497126983,0.4136832336901649,0.20538891659713684,0.0
2005-10-03,0.47844165896734014,0.396614698945169,0.12494364208749086,0.0
2005-11-01,0.5494239804903618,0.38642603692953365,0.06414998258010456,0.0
2005-12-01,0.60230179893353,0.37942941561996174,0.018268785446508375,0.0
2006-01-03,0.6330741808645065,0.3669258191354934,0.0,0.0
2006-02-02,0.6476265641967575,0.35237343580324265,0.0,0.0
2006-03-06,0.6582796008288002,0.3417203991711998,0.0,0.0
2006-04-04,0.6671764206991179,0.332823579300882,0.0,0.0
2006-05-04,0.6745204488286158,0.32547955117138416,0.0,0.0
2006-06-05,0.6799325479968873,0.32006745200311265,0.0,0.0
2006-07-05,0.685028594574587,0.31497140542541296,0.0,0.0
2006-08-03,0.6893049760724834,0.31069502392751663,0.0,0.0
2006-09-01,0.6929954404849024,0.30700455951509764,0.0,0.0
2006-10-03,0.6964285724072689,0.30357142759273126,0.0,0.0
2006-11-01,0.6983445562833399,0.3016554437166601,0.0,0.0
2006-12-01,0.7008468666790105,0.29915313332098953,0.0,0.0
2007-01-04,0.7033393221997846,0.29666067780021554,0.0,0.0
2007-02-05,0.7053974819273291,0.294602518072671,0.0,0.0
2007-03-07,0.7070982558773121,0.2929017441226879,0.0,0.0
2007-04-05,0.7085674881922563,0.2914325118077436,0.0,0.0
2007-05-07,0.7100998174757981,0.2899001825242019,0.0,0.0
2007-06-06,0.7113451204067753,0.2886548795932246,0.0,0.0
2007-07-06,0.7116359055007195,0.28836409449928047,0.0,0.0
2007-08-06,0.7127226866523947,0.28727731334760537,0.0,0.0
2007-09-05,0.7136472629427604,0.28635273705723957,0.0,0.0
2007-10-04,0.7144361674465447,0.2855638325534553,0.0,0.0
2007-11-02,0.7151720697492623,0.2848279302507377,0.0,0.0
2007-12-04,0.7160405320044174,0.28395946799558247,0.0,0.0
2008-01-04,0.7167605047952629,0.2832394952047372,0.0,0.0
2008-02-05,0.7174768548329794,0.2825231451670206,0.0,0.0
2008-03-06,0.7180085004763388,0.28199149952366126,0.0,0.0
2008-04-07,0.7186223363351908,0.2813776636648092,0.0,0.0
2008-05-06,0.7182413276850513,0.2817586723149486,0.0,0.0
2008-06-05,0.7186662308142394,0.2813337691857606,0.0,0.0
2008-07-07,0.7191781368311808,0.2808218631688191,0.0,0.0
2008-08-05,0.7194733474611956,0.2805266525388045,0.0,0.0
2008-09-04,0.7198188448800433,0.28018115511995667,0.0,0.0
2008-10-03,0.7200893583774339,0.279910641622566,0.0,0.0
2008-11-03,0.7204630569843733,0.2795369430156266,0.0,0.0
2008-12-03,0.7207501761941433,0.2792498238058566,0.0,0.0
2009-01-05,0.7211816440632004,0.27881835593679966,0.0,0.0
2009-02-04,0.7214032890482566,0.2785967109517435,0.0,0.0
2009-03-06,0.7216172536087436,0.2783827463912564,0.0,0.0
2009-04-06,0.7218751779566657,0.2781248220433343,0.0,0.0
2009-05-06,0.7220615790470084,0.27793842095299154,0.0,0.0
2009-06-05,0.7222415304040051,0.2777584695959949,0.0,0.0
2009-07-07,0.722516560282249,0.27748343971775097,0.0,0.0
2009-08-05,0.7226112514255173,0.2773887485744827,0.0,0.0
2009-09-03,0.7227132993970378,0.2772867006029622,0.0,0.0
2009-10-05,0.7222821134875498,0.2777178865124502,0.0,0.0
2009-11-03,0.7223591485564982,0.27764085144350176,0.0,0.0
2009-12-03,0.7224923582097826,0.27750764179021736,0.0,0.0
2010-01-05,0.7227665300391908,0.2772334699608093,0.0,0.0
2010-02-04,0.7228594183301319,0.27714058166986816,0.0,0.0
2010-03-08,0.7230481354806836,0.27695186451931647,0.0,0.0
2010-04-07,0.7231212245758416,0.2768787754241584,0.0,0.0
2010-05-06,0.7231487134601156,0.27685128653988444,0.0,0.0
2010-06-07,0.7233277722991328,0.27667222770086725,0.0,0.0
2010-07-07,0.7233927525128836,0.2766072474871164,0.0,0.0
2010-08-05,0.7234123298266903,0.27658767017330965,0.0,0.0
2010-09-03,0.7234411970247443,0.27655880297525565,0.0,0.0
2010-10-05,0.7236156343644553,0.2763843656355447,0.0,0.0
2010-11-03,0.7236311518580807,0.27636884814191925,0.0,0.0
2010-12-03,0.7237005971104571,0.27629940288954286,0.0,0.0
2011-01-04,0.7238580401414592,0.27614195985854084,0.0,0.0
2011-02-03,0.7239061180523463,0.2760938819476537,0.0,0.0
2011-03-07,0.7240435549865755,0.2759564450134245,0.0,0.0
2011-04-05,0.7240318254737594,0.27596817452624056,0.0,0.0
2011-05-05,0.7240747416188248,0.27592525838117526,0.0,0.0
2011-06-06,0.7242051637735798,0.27579483622642015,0.0,0.0
2011-07-06,0.7242324966626976,0.2757675033373025,0.0,0.0
2011-08-04,0.7242189411492141,0.2757810588507859,0.0,0.0
2011-09-02,0.7242147530222879,0.2757852469777121,0.0,0.0
2011-10-04,0.724346492054101,0.2756535079458991,0.0,0.0
2011-11-02,0.7243333396095875,0.27566666039041254,0.0,0.0
2011-12-02,0.7243709440288121,0.275629055971188,0.0,0.0
2012-01-04,0.723928573205393,0.27607142679460694,0.0,0.0
2012-02-03,0.7239417829212194,0.2760582170787807,0.0,0.0
2012-03-06,0.7240402228956353,0.2759597771043646,0.0,0.0
2012-04-04,0.7240027721269393,0.27599722787306075,0.0,0.0
2012-05-04,0.7240172682310473,0.2759827317689527,0.0,0.0
2012-06-05,0.7241148689366473,0.27588513106335255,0.0,0.0
2012-07-05,0.7241186577032637,0.27588134229673633,0.0,0.0
2012-08-03,0.724085386419337,0.27591461358066316,0.0,0.0
2012-09-04,0.72418173879861,0.2758182612013899,0.0,0.0
2012-10-03,0.7241456140263092,0.27585438597369094,0.0,0.0
2012-11-05,0.7242772604595056,0.27572273954049437,0.0,0.0
2012-12-05,0.7242716252511312,0.27572837474886874,0.0,0.0
2013-01-07,0.7243866553442246,0.27561334465577536,0.0,0.0
2013-02-06,0.724368734801269,0.2756312651987311,0.0,0.0
2013-03-08,0.7243564015128343,0.2756435984871656,0.0,0.0
2013-04-09,0.7244252157115704,0.27557478428842963,0.0,0.0
2013-05-08,0.7243704666477307,0.2756295333522692,0.0,0.0
2013-06-07,0.7243650624802959,0.27563493751970425,0.0,0.0
2013-07-09,0.7244383987049634,0.27556160129503654,0.0,0.0
2013-08-07,0.7243887670513598,0.2756112329486402,0.0,0.0
2013-09-06,0.724386801369918,0.27561319863008205,0.0,0.0
2013-10-07,0.7244245067781312,0.2755754932218688,0.0,0.0
2013-11-05,0.7243835401642122,0.27561645983578775,0.0,0.0
2013-12-05,0.7243881616328078,0.27561183836719216,0.0,0.0
2014-01-07,0.724504331886536,0.27549566811346404,0.0,0.0
2014-02-06,0.7244934319233424,0.2755065680766577,0.0,0.0
2014-03-10,0.7245585342443892,0.2754414657556108,0.0,0.0
2014-04-08,0.7245060712033826,0.2754939287966174,0.0,0.0
2014-05-08,0.724499442994462,0.27550055700553805,0.0,0.0
2014-06-09,0.7245670454956871,0.275432954504313,0.0,0.0
2014-07-09,0.7245537337262234,0.27544626627377666,0.0,0.0
2014-08-07,0.7245081378683672,0.2754918621316327,0.0,0.0
2014-09-08,0.7245773062466618,0.2754226937533382,0.0,0.0
2014-10-07,0.7245309024052928,0.27546909759470717,0.0,0.0
2014-11-05,0.7244927899919685,0.2755072100080315,0.0,0.0
2014-12-05,0.7244968648987965,0.2755031351012035,0.0,0.0
2015-01-07,0.7246060635349001,0.27539393646509996,0.0,0.0
2015-02-06,0.7245951929245456,0.2754048070754545,0.0,0.0
2015-03-10,0.7246558240839501,0.27534417591604987,0.0,0.0
2015-04-09,0.7246393835484802,0.27536061645151977,0.0,0.0
2015-05-08,0.7245920907694445,0.27540790923055547,0.0,0.0
2015-06-09,0.724654981448309,0.27534501855169097,0.0,0.0
2015-07-09,0.7246412543712422,0.27535874562875784,0.0,0.0
2015-08-07,0.7245965549788873,0.2754034450211127,0.0,0.0
2015-09-08,0.7241364334822513,0.2758635665177487,0.0,0.0
2015-10-07,0.7240905271933392,0.2759094728066608,0.0,0.0
2015-11-05,0.7240520939246101,0.2759479060753899,0.0,0.0
2015-12-07,0.7241200896159904,0.2758799103840096,0.0,0.0
2016-01-07,0.7241452794060517,0.2758547205939483,0.0,0.0
2016-02-08,0.7242000819259733,0.27579991807402676,0.0,0.0
2016-03-09,0.7241817053476455,0.27581829465235447,0.0,0.0
2016-04-08,0.7241665156829594,0.27583348431704063,0.0,0.0
2016-05-09,0.724186523786818,0.2758134762131819,0.0,0.0
2016-06-08,0.724171629773865,0.2758283702261351,0.0,0.0
2016-07-08,0.7241593331741993,0.2758406668258006,0.0,0.0
2016-08-08,0.7241813834182119,0.2758186165817881,0.0,0.0
2016-09-07,0.7241685686145243,0.2758314313854758,0.0,0.0
2016-10-06,0.7241260366515578,0.27587396334844216,0.0,0.0
2016-11-04,0.7240899888596036,0.27591001114039637,0.0,0.0
2016-12-06,0.7241548839830249,0.2758451160169752,0.0,0.0
2017-01-06,0.724179070757373,0.275820929242627,0.0,0.0
2017-02-07,0.7242313983943454,0.27576860160565464,0.0,0.0
2017-03-09,0.7242139714617152,0.27578602853828477,0.0,0.0
2017-04-07,0.7241681293241916,0.2758318706758084,0.0,0.0
2017-05-09,0.7242222464458489,0.27577775355415113,0.0,0.0
2017-06-08,0.7242070318901823,0.2757929681098176,0.0,0.0
2017-07-10,0.7242556907649735,0.27574430923502646,0.0,0.0
2017-08-08,0.7242057131005988,0.2757942868994013,0.0,0.0
2017-09-07,0.7241935203884844,0.27580647961151555,0.0,0.0
2017-10-06,0.7241527140801347,0.2758472859198653,0.0,0.0
2017-11-06,0.724178705601079,0.27582129439892095,0.0,0.0
2017-12-06,0.7241709389510709,0.2758290610489291,0.0,0.0
2018-01-08,0.7242548362574865,0.2757451637425135,0.0,0.0
2018-02-07,0.7242371019130891,0.27576289808691096,0.0,0.0
2018-03-09,0.7242219598107542,0.2757780401892458,0.0,0.0
2018-04-10,0.724268541838007,0.2757314581619929,0.0,0.0
2018-05-09,0.7242198081789215,0.2757801918210785,0.0,0.0
2018-06-08,0.7242074573908798,0.27579254260912023,0.0,0.0
2018-07-10,0.7242558374530825,0.27574416254691747,0.0,0.0
2018-08-08,0.7242095489333464,0.2757904510666537,0.0,0.0
2018-09-07,0.7241989568366665,0.27580104316333354,0.0,0.0
2018-10-08,0.7242191069304781,0.2757808930695219,0.0,0.0
2018-11-06,0.7241783611055168,0.27582163889448313,0.0,0.0
2018-12-07,0.7242013199183885,0.27579868008161157,0.0,0.0
2019-01-09,0.7242788616002948,0.2757211383997053,0.0,0.0
2019-02-08,0.7242596619833487,0.27574033801665127,0.0,0.0
2019-03-12,0.7243002547232663,0.27569974527673363,0.0,0.0
2019-04-10,0.724249869418407,0.275750130581593,0.0,0.0
2019-05-10,0.72423468227353,0.27576531772646995,0.0,0.0
2019-06-11,0.7242782201296726,0.27572177987032737,0.0,0.0
2019-07-11,0.7242594160756735,0.2757405839243266,0.0,0.0
2019-08-09,0.724214923422464,0.2757850765775361,0.0,0.0
2019-09-10,0.7242606361443683,0.27573936385563175,0.0,0.0
2019-10-09,0.7242162567011863,0.2757837432988137,0.0,0.0
2019-11-07,0.7241776973534111,0.27582230264658886,0.0,0.0
2019-12-09,0.7242279003513528,0.2757720996486472,0.0,0.0
2020-01-09,0.7242436413797169,0.27575635862028314,0.0,0.0
2020-02-10,0.7242848389787538,0.2757151610212461,0.0,0.0
2020-03-11,0.7242655561373343,0.2757344438626656,0.0,0.0
2020-04-09,0.7242213096053088,0.2757786903946911,0.0,0.0
2020-05-11,0.7242649290831622,0.2757350709168379,0.0,0.0
2020-06-10,0.7242482485227559,0.275751751477244,0.0,0.0
2020-07-10,0.7242337005439184,0.27576629945608155,0.0,0.0
2020-08-10,0.7242481168394413,0.2757518831605586,0.0,0.0
2020-09-09,0.7242335906134123,0.27576640938658775,0.0,0.0
2020-10-08,0.7241939190343735,0.27580608096562653,0.0,0.0
2020-11-06,0.7241592923351062,0.27584070766489377,0.0,0.0
2020-12-08,0.7242097407455392,0.2757902592544608,0.0,0.0
2021-01-08,0.7242268566374929,0.2757731433625072,0.0,0.0
2021-02-09,0.7242683038522478,0.2757316961477522,0.0,0.0
2021-03-11,0.7242513387918282,0.2757486612081718,0.0,0.0
2021-04-12,0.7242893001334139,0.2757106998665861,0.0,0.0
2021-05-11,0.7242433532961444,0.2757566467038556,0.0,0.0
2021-06-10,0.7242294564619196,0.27577054353808045,0.0,0.0
2021-07-12,0.7242696610825963,0.2757303389174037,0.0,0.0
2021-08-10,0.7237763030811384,0.2762236969188616,0.0,0.0
2021-09-09,0.7237644271642204,0.2762355728357796,0.0,0.0
2021-10-08,0.7237279261808416,0.27627207381915836,0.0,0.0
2021-11-08,0.7237479887990332,0.2762520112009668,0.0,0.0
2021-12-08,0.7237395656791786,0.2762604343208214,0.0,0.0
2022-01-07,0.7237321678938843,0.2762678321061157,0.0,0.0
2022-02-08,0.7237771833338821,0.2762228166661178,0.0,0.0
2022-03-10,0.7237651703659596,0.2762348296340404,0.0,0.0
2022-04-08,0.7237289922766867,0.2762710077233133,0.0,0.0
2022-05-10,0.7237739164078756,0.2762260835921244,0.0,0.0
2022-06-09,0.723762288241865,0.27623771175813505,0.0,0.0
2022-07-12,0.7238280422318596,0.27617195776814046,0.0,0.0
2022-08-10,0.7237845727379612,0.27621542726203885,0.0,0.0
2022-09-09,0.7237715870585277,0.27622841294147227,0.0,0.0
2022-10-10,0.7237852810722682,0.27621471892773175,0.0,0.0
2022-11-08,0.7237470742324449,0.27625292576755517,0.0,0.0
2022-12-08,0.7237385238040092,0.27626147619599084,0.0,0.0
2023-01-10,0.7238057751599254,0.27619422484007455,0.0,0.0
2023-02-09,0.7237901348514467,0.2762098651485532,0.0,0.0
2023-03-13,0.7238258186699792,0.27617418133002075,0.0,0.0
2023-04-12,0.7238077100660315,0.2761922899339686,0.0,0.0
2023-05-11,0.7237670851349848,0.27623291486501517,0.0,0.0
2023-06-12,0.7238050213120661,0.27619497868793386,0.0,0.0
2023-07-13,0.7238137338018585,0.2761862661981415,0.0,0.0
2023-08-11,0.7237724723888189,0.27622752761118113,0.0,0.0
2023-09-12,0.7238091828094183,0.27619081719058164,0.0,0.0
2023-10-11,0.7237684912208805,0.27623150877911945,0.0,0.0
2023-11-09,0.7237325627151069,0.2762674372848931,0.0,0.0
2023-12-11,0.7237735215849911,0.2762264784150089,0.0,0.0
