,meta_portfolio
2018-01-03,0.0
2018-01-04,0.0
2018-01-05,0.0
2018-01-08,0.0
2018-01-09,0.0
2018-01-10,0.0
2018-01-11,0.0
2018-01-12,0.0
2018-01-16,0.0
2018-01-17,0.0
2018-01-18,0.0
2018-01-19,0.0
2018-01-22,0.0
2018-01-23,0.0
2018-01-24,0.0
2018-01-25,0.0
2018-01-26,0.0
2018-01-29,0.0
2018-01-30,0.0
2018-01-31,0.0
2018-02-01,0.0
2018-02-02,0.0
2018-02-05,0.0
2018-02-06,0.0
2018-02-07,0.0
2018-02-08,0.0
2018-02-09,0.0
2018-02-12,0.0
2018-02-13,0.0
2018-02-14,0.0
2018-02-15,0.0
2018-02-16,0.0
2018-02-20,0.0
2018-02-21,0.0
2018-02-22,0.0
2018-02-23,0.0
2018-02-26,0.0
2018-02-27,0.0
2018-02-28,0.0
2018-03-01,0.0
2018-03-02,0.0
2018-03-05,0.0
2018-03-06,0.0
2018-03-07,0.0
2018-03-08,0.0
2018-03-09,0.0
2018-03-12,0.0
2018-03-13,0.0
2018-03-14,0.0
2018-03-15,0.0
2018-03-16,0.0
2018-03-19,0.0
2018-03-20,0.0
2018-03-21,0.0
2018-03-22,0.0
2018-03-23,0.0
2018-03-26,0.0
2018-03-27,0.0
2018-03-28,0.0
2018-03-29,0.0
2018-04-02,0.0
2018-04-03,0.0
2018-04-04,0.0
2018-04-05,0.0006238966961412583
2018-04-06,-0.001992749889076586
2018-04-09,0.00030332262693823854
2018-04-10,0.0015206321621146818
2018-04-11,-0.000502305862084006
2018-04-12,0.0007500681876352434
2018-04-13,-0.0002624204989316996
2018-04-16,0.0007371853078804422
2018-04-17,0.000969227700156364
2018-04-18,7.557870915288832e-05
2018-04-19,-0.0005205567900139082
2018-04-20,-0.00077604839096482
2018-04-23,5.111972011533956e-06
2018-04-24,-0.0012164146946951238
2018-04-25,0.00016700541482033755
2018-04-26,0.0009485640703970268
2018-04-27,0.00010123862650815693
2018-04-30,-0.0007443173604031461
2018-05-01,0.00023173140700565915
2018-05-02,-0.000655078506214339
2018-05-03,-0.00020487947630077786
2018-05-04,0.0011646526330725373
2018-05-07,0.00031435868195614253
2018-05-08,-2.4149211166184113e-05
2018-05-09,0.0008802018413698926
2018-05-10,0.0008518767021368022
2018-05-11,0.00015523595951427716
2018-05-14,8.031723248248423e-05
2018-05-15,-0.0006220127527206788
2018-05-16,0.00036914197079706103
2018-05-17,-7.78065746164236e-05
2018-05-18,-0.00023929044894697364
2018-05-21,0.0006715229997486477
2018-05-22,-0.0002850692536052443
2018-05-23,0.00029530999019603243
2018-05-24,-0.00018392849968163939
2018-05-25,-0.0002142927669458147
2018-05-29,-0.0010512897536957277
2018-05-30,0.0011541628384831204
2018-05-31,-0.000625414543171544
2018-06-01,0.0009862936700437293
2018-06-04,0.0004072362214543021
2018-06-05,6.387208840640358e-05
2018-06-06,0.0007788538605207996
2018-06-07,-6.492622435527728e-05
2018-06-08,0.0002841731263023965
2018-06-11,9.715524258514418e-05
2018-06-12,0.0001584895646117806
2018-06-13,-0.00036601162441705286
2018-06-14,0.00022468634349383863
2018-06-15,-9.246388322992072e-05
2018-06-18,-0.00019328434204319238
2018-06-19,-0.0003657638447908522
2018-06-20,0.00015565038994263587
2018-06-21,-0.0005768645923254514
2018-06-22,0.00016926677332143844
2018-06-25,-0.0012476971794014705
2018-06-26,0.00020041609272526307
2018-06-27,-0.0007822141026201278
2018-06-28,0.0005616990781334354
2018-06-29,6.89457572727365e-05
2018-07-02,0.0002789052192866202
2018-07-03,-0.0004497591478918746
2018-07-05,0.007568896122739005
2018-07-06,0.007446398472330617
2018-07-09,0.007746408122087479
2018-07-10,0.003049460289596709
2018-07-11,-0.006228570622530692
2018-07-12,0.007681487435026572
2018-07-13,0.0009475492992036638
2018-07-16,-0.0009026829518043399
2018-07-17,0.0034888292625181415
2018-07-18,0.0018968876049652202
2018-07-19,-0.0034706502316694857
2018-07-20,-0.0008327184400861339
2018-07-23,0.0016137713097069003
2018-07-24,0.004197545978569909
2018-07-25,0.007991030274774014
2018-07-26,-0.002662296284973626
2018-07-27,-0.005761490198298622
2018-07-30,-0.005052048373799283
2018-07-31,0.00428869583570278
2018-08-01,-0.0009134081835467367
2018-08-02,0.00432532166817712
2018-08-03,0.00407750136362287
2018-08-06,0.003106494129917394
2018-08-07,0.0024795764890190508
2018-08-08,-0.00023036445063613138
2018-08-09,-0.0012657618320582064
2018-08-10,-0.0062458537069869716
2018-08-13,-0.003517182368493321
2018-08-14,0.005609640061873751
2018-08-15,-0.006674551243644864
2018-08-16,0.006953084929318561
2018-08-17,0.002917630261345477
2018-08-20,0.0021317518638082223
2018-08-21,0.0018161343120148095
2018-08-22,-0.0003495694258472432
2018-08-23,-0.0014848948904247071
2018-08-24,0.0054424593720067025
2018-08-27,0.00673446865342299
2018-08-28,0.00023642107581924558
2018-08-29,0.005005747058112552
2018-08-30,-0.0038897417955223237
2018-08-31,0.00011806860830087656
2018-09-04,-0.001452462315913876
2018-09-05,-0.002461090110662296
2018-09-06,-0.003206652049867247
2018-09-07,-0.0019432732369026673
2018-09-10,0.0016662546244215518
2018-09-11,0.003283507308958396
2018-09-12,0.00031315095198331856
2018-09-13,0.0046377154360090645
2018-09-14,0.0002418676377446566
2018-09-17,-0.004890106619775322
2018-09-18,0.004713889285906747
2018-09-19,0.0011003488083355763
2018-09-20,0.006883885516432714
2018-09-21,-0.0003235647380576825
2018-09-24,-0.0030867047246456386
2018-09-25,-0.0011458487253956982
2018-09-26,-0.00288792150662917
2018-09-27,0.0024261117280770994
2018-09-28,-6.031830745172213e-06
2018-10-01,0.0031968186985525384
2018-10-02,-0.0003482862023794623
2018-10-03,0.0002922622192173873
2018-10-04,-0.003355677825308659
2018-10-05,-0.00227065987859859
2018-10-08,-0.0001622972003335695
2018-10-09,-0.0005824148541253922
2018-10-10,-0.013499235323850549
2018-10-11,-0.008450521420572291
2018-10-12,0.005835305233889587
2018-10-15,-0.0024255156151949146
2018-10-16,0.008829483418541628
2018-10-17,-0.00010378300249025069
2018-10-18,-0.005911593016346418
2018-10-19,-0.0001483533187731532
2018-10-22,-0.0017660640740246652
2018-10-23,-0.0022640266470830665
2018-10-24,-0.012677804106915281
2018-10-25,0.007650378731820179
2018-10-26,-0.0071173072334988
2018-10-29,-0.002694406075133157
2018-10-30,0.006435250639274703
2018-10-31,0.004457268231945219
2018-11-01,0.004336715658826345
2018-11-02,-0.0025946276086120717
2018-11-05,0.0023003734351326644
2018-11-06,0.002571053975245451
2018-11-07,0.008711701070117723
2018-11-08,-0.001030556739021974
2018-11-09,-0.003778565770132152
2018-11-12,-0.00809253857207163
2018-11-13,-0.0006087099340860774
2018-11-14,-0.003108372257771365
2018-11-15,0.004351465833824971
2018-11-16,0.0009132398362635853
2018-11-19,-0.006836285109495254
2018-11-20,-0.007455762050824705
2018-11-21,0.0012500551265004092
2018-11-23,-0.0026924520253341494
2018-11-26,0.006380040003788339
2018-11-27,0.001339765183724519
2018-11-28,0.009436739183220622
2018-11-29,-0.0008967284720758225
2018-11-30,0.003356197523214828
2018-12-03,0.00449427510170017
2018-12-04,-0.013294133382236631
2018-12-06,-0.0006252669424439518
2018-12-07,-0.009578918494692033
2018-12-10,0.0007238183330229878
2018-12-11,-0.00014637193499497485
2018-12-12,0.002226102899376495
2018-12-13,-8.212292117589194e-05
2018-12-14,-0.00784001303778396
2018-12-17,-0.008532867226354013
2018-12-18,3.548970657128225e-05
2018-12-19,-0.006323908389969511
2018-12-20,-0.006478514218556635
2018-12-21,-0.00845677343725858
2018-12-24,-0.011136567451339514
2018-12-26,0.020371012035014263
2018-12-27,0.0035171871186976604
2018-12-28,-0.0005099895832067699
2018-12-31,0.0034883533025984416
2019-01-02,0.0005210448874114572
2019-01-03,-0.010169017792528465
2019-01-04,0.018536861477536887
2019-01-07,0.003784731468089685
2019-01-08,0.005234204598151631
2019-01-09,0.002212416477589895
2019-01-10,0.0024393639086434794
2019-01-11,-7.89819829924113e-05
2019-01-14,-0.0028383861167988428
2019-01-15,0.005788330281674396
2019-01-16,0.0011995858431086087
2019-01-17,0.004098377994174025
2019-01-18,0.007117149905376372
2019-01-22,-0.007643121047548393
2019-01-23,0.0011892890352771983
2019-01-24,0.0007427145261945028
2019-01-25,0.004582800957149948
2019-01-28,-0.004236275720694875
2019-01-29,-0.0007861855029384236
2019-01-30,0.008394597250921067
2019-01-31,0.0046414859695747155
2019-02-01,0.0004851336572516222
2019-02-04,0.0036582946015022437
2019-02-05,0.002541940286212827
2019-02-06,-0.001200909872854448
2019-02-07,-0.005051649935918314
2019-02-08,0.0003650614530767572
2019-02-11,0.00038282429969611654
2019-02-12,0.006959060353930582
2019-02-13,0.0016325674554051987
2019-02-14,-0.001431544754684512
2019-02-15,0.005873124594978899
2019-02-19,0.0008091282686043972
2019-02-20,0.0009594108122029507
2019-02-21,-0.0019038214576926184
2019-02-22,0.003461169171840958
2019-02-25,0.0006650470524781484
2019-02-26,-0.0004267449756522317
2019-02-27,-0.00029371656429066456
2019-02-28,-0.0015254104010331124
2019-03-01,0.0037225846036427076
2019-03-04,-0.002095001545181622
2019-03-05,-0.0006108819174879692
2019-03-06,-0.0035221725910227434
2019-03-07,-0.004386840418458133
2019-03-08,-0.0011508372932852334
2019-03-11,0.007917772772636176
2019-03-12,0.001594411271993073
2019-03-13,0.0037518797504159053
2019-03-14,-0.00046862023471354715
2019-03-15,0.002691205221825847
2019-03-18,0.002000733785997113
2019-03-19,-7.048641636018953e-05
2019-03-20,-0.0015895715430598277
2019-03-21,0.005858941338616264
2019-03-22,-0.010243785654165978
2019-03-25,-0.0004529630411026214
2019-03-26,0.0038777464143824754
2019-03-27,-0.0025073369828323452
2019-03-28,0.0019378574926732877
2019-03-29,0.003635643443921588
2019-04-01,0.006245553361120428
2019-04-02,9.423832585424426e-06
2019-04-03,0.0011598466807103956
2019-04-04,0.0011254343212438946
2019-04-05,0.00010842580117934476
2019-04-08,2.4495488306456713e-05
2019-04-09,-0.00014189204791807903
2019-04-10,8.133214249187164e-05
2019-04-11,8.915311164058267e-07
2019-04-12,0.0001545630677902627
2019-04-15,-1.4718179515650734e-05
2019-04-16,1.1911646819051094e-05
2019-04-17,-5.3174472007272314e-05
2019-04-18,3.692803369023445e-05
2019-04-22,2.3666646395564665e-05
2019-04-23,0.00020675697643079884
2019-04-24,-5.125571532950927e-05
2019-04-25,-8.628673356338203e-06
2019-04-26,0.00010956840728549395
2019-04-29,2.5058197970995774e-05
2019-04-30,2.2249465608119724e-05
2019-05-01,-0.00017544264804230563
2019-05-02,-4.967069999263431e-05
2019-05-03,0.00022539702733201904
2019-05-06,-0.00010455678459590496
2019-05-07,-0.00038613501364853555
2019-05-08,-3.7543847705960186e-05
2019-05-09,-7.065786054230366e-05
2019-05-10,8.70014148823396e-05
2019-05-13,-0.0005643077613422748
2019-05-14,0.0001874577401137392
2019-05-15,0.00013654798460528152
2019-05-16,0.000208021701287663
2019-05-17,-0.00013650959189350398
2019-05-20,-0.0001578383089333717
2019-05-21,0.00019868028422516176
2019-05-22,-6.605022424172155e-05
2019-05-23,-0.0002786196451457657
2019-05-24,3.16538009017454e-05
2019-05-28,-0.000195870300680027
2019-05-29,-0.00016163927339490685
2019-05-30,4.9074030199429896e-05
2019-05-31,-0.0003085818213093669
2019-06-03,-6.466682715095082e-05
2019-06-04,0.0005012090253835658
2019-06-05,0.00019086993980892922
2019-06-06,0.00014348442906403662
2019-06-07,0.00024549504206302936
2019-06-10,0.00010897797507151161
2019-06-11,-8.182162179331227e-06
2019-06-12,-4.765002784044045e-05
2019-06-13,9.581976891162905e-05
2019-06-14,-3.768618633659637e-05
2019-06-17,2.1789522890768666e-05
2019-06-18,0.00022724730812793948
2019-06-19,6.980986573275642e-05
2019-06-20,0.00022151281364654954
2019-06-21,-2.9447691125499025e-05
2019-06-24,-4.05012314353472e-05
2019-06-25,-0.0002220790295764921
2019-06-26,-2.8856291613581897e-05
2019-06-27,8.940728638764971e-05
2019-06-28,0.00013464153258945888
2019-07-01,0.0001794214275344418
2019-07-02,6.847600537542833e-05
2019-07-03,0.00017942324321370369
2019-07-05,-4.223210760554558e-05
2019-07-08,0.00019603157346353994
2019-07-09,-5.013069871046271e-05
2019-07-10,-0.00018286583475954127
2019-07-11,-9.264434742341975e-05
2019-07-12,-0.00018730441438746467
2019-07-15,-7.129833644173047e-06
2019-07-16,0.00013799105124600176
2019-07-17,0.00026478020241852904
2019-07-18,-0.00014521615803208036
2019-07-19,0.0002504082109069435
2019-07-22,-0.00011467684587585859
2019-07-23,-0.00027760070944142924
2019-07-24,-0.00019006009356938415
2019-07-25,0.0002133406389501955
2019-07-26,-0.00029950105578827827
2019-07-29,6.551817402893062e-05
2019-07-30,0.00010454008690001743
2019-07-31,0.00044130520886301837
2019-08-01,0.00036481604720415835
2019-08-02,0.0002952462776096886
2019-08-05,0.0012072091821613094
2019-08-06,-0.0005277170273149077
2019-08-07,-3.108958379748018e-05
2019-08-08,-0.0007606340878129497
2019-08-09,0.00026824085663791565
2019-08-12,0.0004993510079447116
2019-08-13,-0.0006134469575781103
2019-08-14,0.0011875442957977522
2019-08-15,-9.990277965243421e-05
2019-08-16,-0.0005848430190041822
2019-08-19,-0.000490778437743482
2019-08-20,0.00032086740511673493
2019-08-21,-0.0003343297456637343
2019-08-22,2.0516552857274993e-05
2019-08-23,0.0010518787463448852
2019-08-26,-0.0004452563565831454
2019-08-27,0.00012985870272845025
2019-08-28,-0.00026535736185089834
2019-08-29,-0.0005143497794112485
2019-08-30,-2.6058948617132166e-05
2019-09-03,0.0002796933248423448
2019-09-04,-0.0004395438476736684
2019-09-05,-0.0005274249923458811
2019-09-06,-3.691643319745196e-05
2019-09-09,3.8112275736008818e-06
2019-09-10,-1.306639561098207e-05
2019-09-11,-0.0002930952472398709
2019-09-12,-0.00011672244845662132
2019-09-13,2.936815621568513e-05
2019-09-16,0.00012711840597690472
2019-09-17,-0.00010466565943517979
2019-09-18,-1.3892921531682325e-05
2019-09-19,-8.097861800767261e-07
2019-09-20,0.00019846936146548054
2019-09-23,3.929835420229051e-06
2019-09-24,0.0003412043171564362
2019-09-25,-0.00024967188179659205
2019-09-26,9.846960552439783e-05
2019-09-27,0.00021552785063449857
2019-09-30,-0.0002046327476522867
2019-10-01,0.0004969611910025213
2019-10-02,0.0007258056846347304
2019-10-03,-0.0003231857162659731
2019-10-04,0.011925551102333376
2019-10-07,-0.0037565250547948437
2019-10-08,-0.013052872011285075
2019-10-09,0.007637115658495219
2019-10-10,0.005381673650187453
2019-10-11,0.00917593550603893
2019-10-14,-0.0011635559193795492
2019-10-15,0.008351113864927392
2019-10-16,-0.0016772752060197113
2019-10-17,0.002317544240646049
2019-10-18,-0.0032876616154863154
2019-10-21,0.005764113298294644
2019-10-22,-0.002993502134140935
2019-10-23,0.0023882720032187676
2019-10-24,0.001610926789947883
2019-10-25,0.003416300758878406
2019-10-28,0.00468179007197164
2019-10-29,-0.0006982460174463854
2019-10-30,0.00272902240833319
2019-10-31,-0.0025356641915875167
2019-11-01,0.008105031131810998
2019-11-04,0.003107098646825938
2019-11-05,-0.0009945993130965087
2019-11-06,0.0005892753001142342
2019-11-07,0.0022900839968096787
2019-11-08,0.0021479702856788646
2019-11-11,-0.0016461751484750998
2019-11-12,0.001312471073747445
2019-11-13,0.0005968561054276207
2019-11-14,0.0007021360253264407
2019-11-15,0.006455201279466829
2019-11-18,0.0004220593930017205
2019-11-19,-0.0004970856200312659
2019-11-20,-0.0031507976267796814
2019-11-21,-0.0013276590238759877
2019-11-22,0.0018243999138125978
2019-11-25,0.006297336400738955
2019-11-26,0.001841708902880961
2019-11-27,0.0035016297164416964
2019-11-29,-0.003364728861965972
2019-12-02,-0.007239953583410086
2019-12-03,-0.00556822907725095
2019-12-04,0.005304394054740501
2019-12-05,0.0012584547363801103
2019-12-06,0.007663313791278295
2019-12-09,-0.0026530674451558517
2019-12-10,-0.0009201405260503943
2019-12-11,0.0024394483476421432
2019-12-12,0.007193151148491333
2019-12-13,6.088373153958365e-05
2019-12-16,0.005995772151467103
2019-12-17,0.0002812529636211353
2019-12-18,-0.0003626260764791364
2019-12-19,0.0037405850583474053
2019-12-20,0.004147827550022286
2019-12-23,0.0007265466818058424
2019-12-24,-0.00016394768849569056
2019-12-26,0.0043016567700489075
2019-12-27,2.8507378514926495e-05
2019-12-30,-0.004849123596179537
2019-12-31,0.002471209465110512
2020-01-02,0.0070283856871275205
2020-01-03,-0.00592202670501308
2020-01-06,0.0011947007206677884
2020-01-07,-0.0009478284184519408
2020-01-08,0.0016576122488876582
2020-01-09,0.0022502711366460663
2020-01-10,-0.0009653903348630581
2020-01-13,0.002358791344002058
2020-01-14,-0.0005120923975757937
2020-01-15,0.0006323492127256465
2020-01-16,0.002828891045283862
2020-01-17,0.0013058706692773796
2020-01-21,-0.0008966841894376054
2020-01-22,9.774212945338918e-05
2020-01-23,0.00038578593976602615
2020-01-24,-0.0030573269695450874
2020-01-27,-0.0053188534403382885
2020-01-28,0.0033993085735494226
2020-01-29,-0.0002931066866100372
2020-01-30,0.0010597864488586118
2020-01-31,-0.005986675343032409
2020-02-03,0.0024529232304081536
2020-02-04,0.005065163556526728
2020-02-05,0.003804040910140571
2020-02-06,0.0011244733871786227
2020-02-07,-0.0018261315673659376
2020-02-10,0.0024771947394434833
2020-02-11,0.0005709047526434783
2020-02-12,0.002185143948675751
2020-02-13,-0.000551284780012741
2020-02-14,0.0006233337535014944
2020-02-18,-0.0009872882598256595
2020-02-19,0.0015911158990011215
2020-02-20,-0.0012900999561330164
2020-02-21,-0.0035563711091855807
2020-02-24,-0.01133159594940495
2020-02-25,-0.010238243639194504
2020-02-26,-0.0012775965978845923
2020-02-27,-0.01493243407190089
2020-02-28,-0.0027855399275336927
2020-03-02,0.015566740837610536
2020-03-03,-0.009503815416830687
2020-03-04,0.014269500324930521
2020-03-05,-0.01146970080650766
2020-03-06,-0.0057662324088332585
2020-03-09,-0.025686802704411215
2020-03-10,0.016701832650547904
2020-03-11,-0.01652335273456848
2020-03-12,-0.03215941029254856
2020-03-13,0.03140153966556802
2020-03-16,-0.04052037493635159
2020-03-17,0.02027187744171922
2020-03-18,-0.0175249687763756
2020-03-19,0.001591799629643857
2020-03-20,-0.01466067754656434
2020-03-23,-0.009904815053543351
2020-03-24,0.0317249471763367
2020-03-25,0.0039002072286986418
2020-03-26,0.02110341823097885
2020-03-27,-0.011390335984388555
2020-03-30,0.011332401623719979
2020-03-31,-0.005414206482813451
2020-04-01,-0.014925397052676963
2020-04-02,0.007719037428926146
2020-04-03,-0.0051181505193168934
2020-04-06,-0.0006335227611353918
2020-04-07,1.4439803571049777e-05
2020-04-08,-0.00030676999203308906
2020-04-09,-0.0001304981089204863
2020-04-13,9.101965877081602e-05
2020-04-14,-0.0002753884252707176
2020-04-15,0.00019844337506436365
2020-04-16,-5.2394939257881744e-05
2020-04-17,-0.00024134841368178518
2020-04-20,0.0001610669491131536
2020-04-21,0.00027630907023534204
2020-04-22,-0.00020654857774786732
2020-04-23,4.858947582149465e-06
2020-04-24,-0.00012536955458990803
2020-04-27,-0.00013253978894239068
2020-04-28,4.722174357960844e-05
2020-04-29,-0.0002394596940236953
2020-04-30,8.298286639739469e-05
2020-05-01,0.00025274709879911017
2020-05-04,-3.828113224652334e-05
2020-05-05,-8.143453518920396e-05
2020-05-06,6.286836968670529e-05
2020-05-07,-0.000103630155135316
2020-05-08,-0.00015197360077614554
2020-05-11,-1.1987274456663443e-06
2020-05-12,0.00018466051844086544
2020-05-13,0.00015729882106774304
2020-05-14,-0.00010381203758461359
2020-05-15,-3.536746552299864e-05
2020-05-18,-0.0002837529891923482
2020-05-19,9.444022455110416e-05
2020-05-20,-0.00014998796004604947
2020-05-21,7.002215164622378e-05
2020-05-22,-2.1201503498531106e-05
2020-05-26,-0.00011069716808635483
2020-05-27,-0.00013355970643433215
2020-05-28,1.898744213882215e-05
2020-05-29,-4.334803239505931e-05
2020-06-01,-3.378996274011603e-05
2020-06-02,-7.396064162714213e-05
2020-06-03,-0.000122945781668574
2020-06-04,3.0344227575706075e-05
2020-06-05,-0.00023610644188795226
2020-06-08,-0.00010846682231276388
2020-06-09,7.025251806386083e-05
2020-06-10,4.785868075349547e-05
2020-06-11,0.0005309498513520342
2020-06-12,-0.00011764804199392541
2020-06-15,-7.487387968867275e-05
2020-06-16,-0.00017080741683231197
2020-06-17,3.2430384634238643e-05
2020-06-18,-5.352548877399341e-06
2020-06-19,5.0888901548714065e-05
2020-06-22,-5.850581131846416e-05
2020-06-23,-3.879990296070995e-05
2020-06-24,0.00023289515622118995
2020-06-25,-9.871931063742522e-05
2020-06-26,0.00021822846594868371
2020-06-29,-0.0001322840482492788
2020-06-30,-0.00013880739348011602
2020-07-01,-4.523781883248202e-05
2020-07-02,-4.090618275102466e-05
2020-07-06,-0.00014305767353552145
2020-07-07,-0.00015554917829261987
2020-07-08,0.00011254348241390342
2020-07-09,-8.114393879019466e-05
2020-07-10,0.0001504833561203256
2020-07-13,-0.00013461489741515404
2020-07-14,0.00019275720159583442
2020-07-15,0.0001305819982119962
2020-07-16,-4.897302596542632e-05
2020-07-17,4.095743165451562e-05
2020-07-20,0.00012087521769738106
2020-07-21,2.414124930966266e-05
2020-07-22,8.263171852176813e-05
2020-07-23,-0.00017713531441592703
2020-07-24,-8.900575783291694e-05
2020-07-27,0.00010632752761004325
2020-07-28,-9.307462670826304e-05
2020-07-29,0.00017869564489013737
2020-07-30,-5.392123494488626e-05
2020-07-31,0.00011028675103019108
2020-08-03,0.00010324897059748
2020-08-04,5.1932443468445915e-05
2020-08-05,9.24470386510027e-05
2020-08-06,9.241759972748482e-05
2020-08-07,9.101717855058972e-06
2020-08-10,3.9427696964152977e-05
2020-08-11,-0.00011458042136085385
2020-08-12,0.00020124280877146616
2020-08-13,-2.943433427120428e-05
2020-08-14,-2.4713335103762615e-06
2020-08-17,3.896219697848926e-05
2020-08-18,3.3118198408215805e-05
2020-08-19,-6.332652959667711e-05
2020-08-20,4.541491678228634e-05
2020-08-21,4.947634039351753e-05
2020-08-24,0.00014440888329060077
2020-08-25,5.170844485074665e-05
2020-08-26,0.00014659301872398133
2020-08-27,2.405507701647478e-05
2020-08-28,9.680102680165539e-05
2020-08-31,-3.155923979891468e-05
2020-09-01,0.00010819471928658335
2020-09-02,0.0002209315175172482
2020-09-03,-0.0005050404354782715
2020-09-04,-0.00011693691017340831
2020-09-08,-0.0003990815200415488
2020-09-09,0.00028964521833777174
2020-09-10,-0.0002528347332998648
2020-09-11,7.664527960118386e-06
2020-09-14,0.00018320240117871648
2020-09-15,7.504410870229111e-05
2020-09-16,-6.641135282916275e-05
2020-09-17,-0.00012095324912481131
2020-09-18,-0.00016078349694755847
2020-09-21,-0.00016636959343366742
2020-09-22,0.00015122733128923962
2020-09-23,-0.00034106779348701396
2020-09-24,4.2953777246171104e-05
2020-09-25,0.00022971381409489446
2020-09-28,0.00023163854955044545
2020-09-29,-6.91966352873531e-05
2020-09-30,0.00011867220847637484
2020-10-01,7.610158680918801e-05
2020-10-02,-0.00013770777056197028
