,hmm_garch,llm_sentiment,mamba_ssm,momentum_126d,neural_ff,olps_rmr,ppo_rl,stgnn_alpha,tft_trend,wavelet_lstm,xgboost_trend
2018-01-02,0.008303361477520088,0.008303361477520088,0.008303361477520088,0.008303361477520088,0.008303361477520088,0.008303361477520088,0.008303361477520088,0.008303361477520088,0.008303361477520088,0.008303361477520088,0.008303361477520088
2018-01-03,0.0,0.006398818768781567,0.0,0.006398818768781567,-0.006398818768781567,0.0,0.006398818768781567,-0.006398818768781567,-0.006398818768781567,0.0,0.0
2018-01-04,0.0,0.004028636080503967,0.0,0.004028636080503967,-0.004028636080503967,0.0,0.004028636080503967,-0.004028636080503967,-0.004028636080503967,0.0,0.0
2018-01-05,0.0,0.007033767443369587,0.0,0.007033767443369587,-0.007033767443369587,0.0,0.007033767443369587,-0.007033767443369587,-0.007033767443369587,0.0,0.0
2018-01-08,0.0,0.0016623439316436617,0.0,0.0016623439316436617,-0.0016623439316436617,0.0,0.0016623439316436617,-0.0016623439316436617,-0.0016623439316436617,0.0,0.0
2018-01-09,0.0,0.0013029315960912946,0.0,0.0013029315960912946,-0.0013029315960912946,0.0,0.0013029315960912946,-0.0013029315960912946,-0.0013029315960912946,0.0,0.0
2018-01-10,0.0,-0.0011122268282528491,0.0,-0.0011122268282528491,0.0011122268282528491,0.0,-0.0011122268282528491,0.0011122268282528491,0.0011122268282528491,0.0,0.0
2018-01-11,0.0,0.007033646478779465,0.0,0.007033646478779465,-0.007033646478779465,0.0,0.007033646478779465,-0.007033646478779465,-0.007033646478779465,0.0,0.0
2018-01-12,0.0,0.006749602987881076,0.0,0.006749602987881076,-0.006749602987881076,0.0,0.006749602987881076,-0.006749602987881076,-0.006749602987881076,0.0,0.0
2018-01-16,0.0,-0.003524487622672101,0.0,-0.003524487622672101,0.003524487622672101,0.0,-0.003524487622672101,0.003524487622672101,0.003524487622672101,0.0,0.0
2018-01-17,0.0,0.009415051560751175,0.0,0.009415051560751175,-0.009415051560751175,0.0,0.009415051560751175,-0.009415051560751175,-0.009415051560751175,0.0,0.0
2018-01-18,0.0,-0.0016163897301626484,0.0,-0.0016163897301626484,0.0016163897301626484,0.0,-0.0016163897301626484,0.0016163897301626484,0.0016163897301626484,0.0,0.0
2018-01-19,0.0,0.004385235112838837,0.0,0.004385235112838837,-0.004385235112838837,0.0,0.004385235112838837,-0.004385235112838837,-0.004385235112838837,0.0,0.0
2018-01-22,0.0,0.008066726499347698,0.0,0.008066726499347698,-0.008066726499347698,0.0,0.008066726499347698,-0.008066726499347698,-0.008066726499347698,0.0,0.0
2018-01-23,0.0,0.0021743654797181655,0.0,0.0021743654797181655,-0.0021743654797181655,0.0,0.0021743654797181655,-0.0021743654797181655,-0.0021743654797181655,0.0,0.0
2018-01-24,0.0,-0.0005599757022828333,0.0,-0.0005599757022828333,0.0005599757022828333,0.0,-0.0005599757022828333,0.0005599757022828333,0.0005599757022828333,0.0,0.0
2018-01-25,0.0,0.0006026209018938911,0.0,0.0006026209018938911,-0.0006026209018938911,0.0,0.0006026209018938911,-0.0006026209018938911,-0.0006026209018938911,0.0,0.0
2018-01-26,0.0,0.011841196508761032,0.0,0.011841196508761032,-0.011841196508761032,0.0,0.011841196508761032,-0.011841196508761032,-0.011841196508761032,0.0,0.0
2018-01-29,0.0,-0.006731974332887192,0.0,-0.006731974332887192,0.006731974332887192,0.0,-0.006731974332887192,0.006731974332887192,0.006731974332887192,0.0,0.0
2018-01-30,0.0,-0.010898815620283941,0.0,-0.010898815620283941,0.010898815620283941,0.0,-0.010898815620283941,0.010898815620283941,0.010898815620283941,0.0,0.0
2018-01-31,0.0,0.0004889853730833948,0.0,0.0004889853730833948,-0.0004889853730833948,0.0,0.0004889853730833948,-0.0004889853730833948,-0.0004889853730833948,0.0,0.0
2018-02-01,0.0,-0.0006480882520516484,0.0,-0.0006480882520516484,0.0006480882520516484,0.0,-0.0006480882520516484,0.0006480882520516484,0.0006480882520516484,0.0,0.0
2018-02-02,0.0,-0.02120854792396809,0.0,-0.02120854792396809,0.02120854792396809,0.0,-0.02120854792396809,0.02120854792396809,0.02120854792396809,0.0,0.0
2018-02-05,0.0,-0.04097922480422822,0.0,-0.04097922480422822,0.04097922480422822,0.0,-0.04097922480422822,0.04097922480422822,0.04097922480422822,0.0,0.0
2018-02-06,0.0,0.017440920592313836,0.0,0.017440920592313836,-0.017440920592313836,0.0,0.017440920592313836,-0.017440920592313836,-0.017440920592313836,0.0,0.0
2018-02-07,0.0,-0.005001588416939429,0.0,-0.005001588416939429,0.005001588416939429,0.0,-0.005001588416939429,0.005001588416939429,0.005001588416939429,0.0,0.0
2018-02-08,0.0,-0.03753641975808808,0.0,-0.03753641975808808,0.03753641975808808,0.0,-0.03753641975808808,0.03753641975808808,0.03753641975808808,0.0,0.0
2018-02-09,0.0,0.014936090208494734,0.0,0.014936090208494734,-0.014936090208494734,0.0,0.014936090208494734,-0.014936090208494734,-0.014936090208494734,0.0,0.0
2018-02-12,0.0,0.013914584754042503,0.0,0.013914584754042503,-0.013914584754042503,0.0,0.013914584754042503,-0.013914584754042503,-0.013914584754042503,0.0,0.0
2018-02-13,0.0,0.0026129297463290957,0.0,0.0026129297463290957,-0.0026129297463290957,0.0,0.0026129297463290957,-0.0026129297463290957,-0.0026129297463290957,0.0,0.0
2018-02-14,0.0,0.013402458257245842,0.0,0.013402458257245842,-0.013402458257245842,0.0,0.013402458257245842,-0.013402458257245842,-0.013402458257245842,0.0,0.0
2018-02-15,0.0,0.012069112762299383,0.0,0.012069112762299383,-0.012069112762299383,0.0,0.012069112762299383,-0.012069112762299383,-0.012069112762299383,0.0,0.0
2018-02-16,0.0,0.0003734693722488025,0.0,0.0003734693722488025,-0.0003734693722488025,0.0,0.0003734693722488025,-0.0003734693722488025,-0.0003734693722488025,0.0,0.0
2018-02-20,0.0,-0.005841389459353419,0.0,-0.005841389459353419,0.005841389459353419,0.0,-0.005841389459353419,0.005841389459353419,0.005841389459353419,0.0,0.0
2018-02-21,0.0,-0.0054965031281792864,0.0,-0.0054965031281792864,0.0054965031281792864,0.0,-0.0054965031281792864,0.0054965031281792864,0.0054965031281792864,0.0,0.0
2018-02-22,0.0,0.0009735510790762625,0.0,0.0009735510790762625,-0.0009735510790762625,0.0,0.0009735510790762625,-0.0009735510790762625,-0.0009735510790762625,0.0,0.0
2018-02-23,0.0,0.01602837635051313,0.0,0.01602837635051313,-0.01602837635051313,0.0,0.01602837635051313,-0.01602837635051313,-0.01602837635051313,0.0,0.0
2018-02-26,0.0,0.011757015343810906,0.0,0.011757015343810906,-0.011757015343810906,0.0,0.011757015343810906,-0.011757015343810906,-0.011757015343810906,0.0,0.0
2018-02-27,0.0,-0.012706888443829278,0.0,-0.012706888443829278,0.012706888443829278,0.0,-0.012706888443829278,0.012706888443829278,0.012706888443829278,0.0,0.0
2018-02-28,0.0,-0.011095788639207016,0.0,-0.011095788639207016,0.011095788639207016,0.0,-0.011095788639207016,0.011095788639207016,0.011095788639207016,0.0,0.0
2018-03-01,0.0,-0.013324399541987275,0.0,-0.013324399541987275,0.013324399541987275,0.0,-0.013324399541987275,0.013324399541987275,0.013324399541987275,0.0,0.0
2018-03-02,0.0,0.005071602744632031,0.0,0.005071602744632031,-0.005071602744632031,0.0,0.005071602744632031,-0.005071602744632031,-0.005071602744632031,0.0,0.0
2018-03-05,0.0,0.011032026532745043,0.0,0.011032026532745043,-0.011032026532745043,0.0,0.011032026532745043,-0.011032026532745043,-0.011032026532745043,0.0,0.0
2018-03-06,0.0,0.002638858606169414,0.0,0.002638858606169414,-0.002638858606169414,0.0,0.002638858606169414,-0.002638858606169414,-0.002638858606169414,0.0,0.0
2018-03-07,0.0,-0.00048387472056610203,0.0,-0.00048387472056610203,0.00048387472056610203,0.0,-0.00048387472056610203,0.00048387472056610203,0.00048387472056610203,0.0,0.0
2018-03-08,0.0,0.004463078207817217,0.0,0.004463078207817217,-0.004463078207817217,0.0,0.004463078207817217,-0.004463078207817217,-0.004463078207817217,0.0,0.0
2018-03-09,0.0,0.01737883151892694,0.0,0.01737883151892694,-0.01737883151892694,0.0,0.01737883151892694,-0.01737883151892694,-0.01737883151892694,0.0,0.0
2018-03-12,0.0,-0.001273985129042532,0.0,-0.001273985129042532,0.001273985129042532,0.0,-0.001273985129042532,0.001273985129042532,0.001273985129042532,0.0,0.0
2018-03-13,0.0,-0.006363576551088879,0.0,-0.006363576551088879,0.006363576551088879,0.0,-0.006363576551088879,0.006363576551088879,0.006363576551088879,0.0,0.0
2018-03-14,0.0,-0.005724521948562322,0.0,-0.005724521948562322,0.005724521948562322,0.0,-0.005724521948562322,0.005724521948562322,0.005724521948562322,0.0,0.0
2018-03-15,0.0,-0.000781930531963182,0.0,-0.000781930531963182,0.000781930531963182,0.0,-0.000781930531963182,0.000781930531963182,0.000781930531963182,0.0,0.0
2018-03-16,0.0,0.001703447167811456,0.0,0.001703447167811456,-0.001703447167811456,0.0,0.001703447167811456,-0.001703447167811456,-0.001703447167811456,0.0,0.0
2018-03-19,0.0,-0.014204195388793028,0.0,-0.014204195388793028,0.014204195388793028,0.0,-0.014204195388793028,0.014204195388793028,0.014204195388793028,0.0,0.0
2018-03-20,0.0,0.0014818054520648882,0.0,0.0014818054520648882,-0.0014818054520648882,0.0,0.0014818054520648882,-0.0014818054520648882,-0.0014818054520648882,0.0,0.0
2018-03-21,0.0,-0.0018439898833508828,0.0,-0.0018439898833508828,0.0018439898833508828,0.0,-0.0018439898833508828,0.0018439898833508828,0.0018439898833508828,0.0,0.0
2018-03-22,0.0,-0.025162888405856454,0.0,-0.025162888405856454,0.025162888405856454,0.0,-0.025162888405856454,0.025162888405856454,0.025162888405856454,0.0,0.0
2018-03-23,0.0,-0.02096688071186603,0.0,-0.02096688071186603,0.02096688071186603,0.0,-0.02096688071186603,0.02096688071186603,0.02096688071186603,0.0,0.0
2018-03-26,0.0,0.02715725576151251,0.0,0.02715725576151251,-0.02715725576151251,0.0,0.02715725576151251,-0.02715725576151251,-0.02715725576151251,0.0,0.0
2018-03-27,0.0,-0.017276308813847896,0.0,-0.017276308813847896,0.017276308813847896,0.0,-0.017276308813847896,0.017276308813847896,0.017276308813847896,0.0,0.0
2018-03-28,0.0,-0.00291665716625622,0.0,-0.00291665716625622,0.00291665716625622,0.0,-0.00291665716625622,0.00291665716625622,0.00291665716625622,0.0,0.0
2018-03-29,0.0,0.013769718690019195,0.0,0.013769718690019195,-0.013769718690019195,0.0,0.013769718690019195,-0.013769718690019195,-0.013769718690019195,0.0,0.0
2018-04-02,0.0,-0.022337423560165104,0.0,-0.022337423560165104,0.022337423560165104,0.0,-0.022337423560165104,0.022337423560165104,0.022337423560165104,0.0,0.0
2018-04-03,0.0,0.012614865848792123,0.0,0.012614865848792123,-0.012614865848792123,0.0,0.012614865848792123,-0.012614865848792123,-0.012614865848792123,0.0,0.0
2018-04-04,0.0,0.01156648273982852,0.0,0.01156648273982852,-0.01156648273982852,0.0,0.01156648273982852,-0.01156648273982852,-0.01156648273982852,0.0,0.0
2018-04-05,0.0,-0.0068628636575538415,-0.0068628636575538415,0.0068628636575538415,0.0,0.0068628636575538415,0.0068628636575538415,0.0,0.0,0.0,0.0
2018-04-06,0.0,0.021920248779842444,0.021920248779842444,-0.021920248779842444,0.0,-0.021920248779842444,-0.021920248779842444,0.0,0.0,0.0,0.0
2018-04-09,0.0,-0.0033365488963206236,-0.0033365488963206236,0.0033365488963206236,0.0,0.0033365488963206236,0.0033365488963206236,0.0,0.0,0.0,0.0
2018-04-10,0.0,-0.0167269537832615,-0.0167269537832615,0.0167269537832615,0.0,0.0167269537832615,0.0167269537832615,0.0,0.0,0.0,0.0
2018-04-11,0.0,0.005525364482924067,0.005525364482924067,-0.005525364482924067,0.0,-0.005525364482924067,-0.005525364482924067,0.0,0.0,0.0,0.0
2018-04-12,0.0,-0.008250750063987677,-0.008250750063987677,0.008250750063987677,0.0,0.008250750063987677,0.008250750063987677,0.0,0.0,0.0,0.0
2018-04-13,0.0,0.0028866254882486952,0.0028866254882486952,-0.0028866254882486952,0.0,-0.0028866254882486952,-0.0028866254882486952,0.0,0.0,0.0,0.0
2018-04-16,0.0,-0.008109038386684864,-0.008109038386684864,0.008109038386684864,0.0,0.008109038386684864,0.008109038386684864,0.0,0.0,0.0,0.0
2018-04-17,0.0,-0.010661504701720004,-0.010661504701720004,0.010661504701720004,0.0,0.010661504701720004,0.010661504701720004,0.0,0.0,0.0,0.0
2018-04-18,0.0,-0.0008313658006817715,-0.0008313658006817715,0.0008313658006817715,0.0,0.0008313658006817715,0.0008313658006817715,0.0,0.0,0.0,0.0
2018-04-19,0.0,0.005726124690152989,0.005726124690152989,-0.005726124690152989,0.0,-0.005726124690152989,-0.005726124690152989,0.0,0.0,0.0,0.0
2018-04-20,0.0,0.00853653230061302,0.00853653230061302,-0.00853653230061302,0.0,-0.00853653230061302,-0.00853653230061302,0.0,0.0,0.0,0.0
2018-04-23,0.0,-5.623169212687351e-05,-5.623169212687351e-05,5.623169212687351e-05,0.0,5.623169212687351e-05,5.623169212687351e-05,0.0,0.0,0.0,0.0
2018-04-24,0.0,0.01338056164164636,0.01338056164164636,-0.01338056164164636,0.0,-0.01338056164164636,-0.01338056164164636,0.0,0.0,0.0,0.0
2018-04-25,0.0,-0.001837059563023713,-0.001837059563023713,0.001837059563023713,0.0,0.001837059563023713,0.001837059563023713,0.0,0.0,0.0,0.0
2018-04-26,0.0,-0.010434204774367295,-0.010434204774367295,0.010434204774367295,0.0,0.010434204774367295,0.010434204774367295,0.0,0.0,0.0,0.0
2018-04-27,0.0,-0.0011136248915897262,-0.0011136248915897262,0.0011136248915897262,0.0,0.0011136248915897262,0.0011136248915897262,0.0,0.0,0.0,0.0
2018-04-30,0.0,0.008187490964434607,0.008187490964434607,-0.008187490964434607,0.0,-0.008187490964434607,-0.008187490964434607,0.0,0.0,0.0,0.0
2018-05-01,0.0,-0.0025490454770622506,-0.0025490454770622506,0.0025490454770622506,0.0,0.0025490454770622506,0.0025490454770622506,0.0,0.0,0.0,0.0
2018-05-02,0.0,0.007205863568357729,0.007205863568357729,-0.007205863568357729,0.0,-0.007205863568357729,-0.007205863568357729,0.0,0.0,0.0,0.0
2018-05-03,0.0,0.0022536742393085563,0.0022536742393085563,-0.0022536742393085563,0.0,-0.0022536742393085563,-0.0022536742393085563,0.0,0.0,0.0,0.0
2018-05-04,0.0,-0.012811178963797909,-0.012811178963797909,0.012811178963797909,0.0,0.012811178963797909,0.012811178963797909,0.0,0.0,0.0,0.0
2018-05-07,0.0,-0.0034579455015175675,-0.0034579455015175675,0.0034579455015175675,0.0,0.0034579455015175675,0.0034579455015175675,0.0,0.0,0.0,0.0
2018-05-08,0.0,0.0002656413228280252,0.0002656413228280252,-0.0002656413228280252,0.0,-0.0002656413228280252,-0.0002656413228280252,0.0,0.0,0.0,0.0
2018-05-09,0.0,-0.009682220255068819,-0.009682220255068819,0.009682220255068819,0.0,0.009682220255068819,0.009682220255068819,0.0,0.0,0.0,0.0
2018-05-10,0.0,-0.009370643723504823,-0.009370643723504823,0.009370643723504823,0.0,0.009370643723504823,0.009370643723504823,0.0,0.0,0.0,0.0
2018-05-11,0.0,-0.0017075955546570487,-0.0017075955546570487,0.0017075955546570487,0.0,0.0017075955546570487,0.0017075955546570487,0.0,0.0,0.0,0.0
2018-05-14,0.0,-0.0008834895573073265,-0.0008834895573073265,0.0008834895573073265,0.0,0.0008834895573073265,0.0008834895573073265,0.0,0.0,0.0,0.0
2018-05-15,0.0,0.006842140279927467,0.006842140279927467,-0.006842140279927467,0.0,-0.006842140279927467,-0.006842140279927467,0.0,0.0,0.0,0.0
2018-05-16,0.0,-0.004060561678767671,-0.004060561678767671,0.004060561678767671,0.0,0.004060561678767671,0.004060561678767671,0.0,0.0,0.0,0.0
2018-05-17,0.0,0.0008558723207806596,0.0008558723207806596,-0.0008558723207806596,0.0,-0.0008558723207806596,-0.0008558723207806596,0.0,0.0,0.0,0.0
2018-05-18,0.0,0.00263219493841671,0.00263219493841671,-0.00263219493841671,0.0,-0.00263219493841671,-0.00263219493841671,0.0,0.0,0.0,0.0
2018-05-21,0.0,-0.007386752997235124,-0.007386752997235124,0.007386752997235124,0.0,0.007386752997235124,0.007386752997235124,0.0,0.0,0.0,0.0
2018-05-22,0.0,0.0031357617896576873,0.0031357617896576873,-0.0031357617896576873,0.0,-0.0031357617896576873,-0.0031357617896576873,0.0,0.0,0.0,0.0
2018-05-23,0.0,-0.0032484098921563564,-0.0032484098921563564,0.0032484098921563564,0.0,0.0032484098921563564,0.0032484098921563564,0.0,0.0,0.0,0.0
2018-05-24,0.0,0.002023213496498033,0.002023213496498033,-0.002023213496498033,0.0,-0.002023213496498033,-0.002023213496498033,0.0,0.0,0.0,0.0
2018-05-25,0.0,0.0023572204364039617,0.0023572204364039617,-0.0023572204364039617,0.0,-0.0023572204364039617,-0.0023572204364039617,0.0,0.0,0.0,0.0
2018-05-29,0.0,0.011564187290653005,0.011564187290653005,-0.011564187290653005,0.0,-0.011564187290653005,-0.011564187290653005,0.0,0.0,0.0,0.0
2018-05-30,0.0,-0.012695791223314323,-0.012695791223314323,0.012695791223314323,0.0,0.012695791223314323,0.012695791223314323,0.0,0.0,0.0,0.0
2018-05-31,0.0,0.006879559974886984,0.006879559974886984,-0.006879559974886984,0.0,-0.006879559974886984,-0.006879559974886984,0.0,0.0,0.0,0.0
2018-06-01,0.0,-0.010849230370481022,-0.010849230370481022,0.010849230370481022,0.0,0.010849230370481022,0.010849230370481022,0.0,0.0,0.0,0.0
2018-06-04,0.0,-0.004479598435997323,-0.004479598435997323,0.004479598435997323,0.0,0.004479598435997323,0.004479598435997323,0.0,0.0,0.0,0.0
2018-06-05,0.0,-0.0007025929724704394,-0.0007025929724704394,0.0007025929724704394,0.0,0.0007025929724704394,0.0007025929724704394,0.0,0.0,0.0,0.0
2018-06-06,0.0,-0.008567392465728796,-0.008567392465728796,0.008567392465728796,0.0,0.008567392465728796,0.008567392465728796,0.0,0.0,0.0,0.0
2018-06-07,0.0,0.0007141884679080501,0.0007141884679080501,-0.0007141884679080501,0.0,-0.0007141884679080501,-0.0007141884679080501,0.0,0.0,0.0,0.0
2018-06-08,0.0,-0.0031259043893263616,-0.0031259043893263616,0.0031259043893263616,0.0,0.0031259043893263616,0.0031259043893263616,0.0,0.0,0.0,0.0
2018-06-11,0.0,-0.001068707668436586,-0.001068707668436586,0.001068707668436586,0.0,0.001068707668436586,0.001068707668436586,0.0,0.0,0.0,0.0
2018-06-12,0.0,-0.0017433852107295866,-0.0017433852107295866,0.0017433852107295866,0.0,0.0017433852107295866,0.0017433852107295866,0.0,0.0,0.0,0.0
2018-06-13,0.0,0.004026127868587581,0.004026127868587581,-0.004026127868587581,0.0,-0.004026127868587581,-0.004026127868587581,0.0,0.0,0.0,0.0
2018-06-14,0.0,-0.002471549778432225,-0.002471549778432225,0.002471549778432225,0.0,0.002471549778432225,0.002471549778432225,0.0,0.0,0.0,0.0
2018-06-15,0.0,0.001017102715529128,0.001017102715529128,-0.001017102715529128,0.0,-0.001017102715529128,-0.001017102715529128,0.0,0.0,0.0,0.0
2018-06-18,0.0,0.0021261277624751163,0.0021261277624751163,-0.0021261277624751163,0.0,-0.0021261277624751163,-0.0021261277624751163,0.0,0.0,0.0,0.0
2018-06-19,0.0,0.004023402292699374,0.004023402292699374,-0.004023402292699374,0.0,-0.004023402292699374,-0.004023402292699374,0.0,0.0,0.0,0.0
2018-06-20,0.0,-0.0017121542893689945,-0.0017121542893689945,0.0017121542893689945,0.0,0.0017121542893689945,0.0017121542893689945,0.0,0.0,0.0,0.0
2018-06-21,0.0,0.006345510515579966,0.006345510515579966,-0.006345510515579966,0.0,-0.006345510515579966,-0.006345510515579966,0.0,0.0,0.0,0.0
2018-06-22,0.0,-0.0018619345065358228,-0.0018619345065358228,0.0018619345065358228,0.0,0.0018619345065358228,0.0018619345065358228,0.0,0.0,0.0,0.0
2018-06-25,0.0,0.013724668973416176,0.013724668973416176,-0.013724668973416176,0.0,-0.013724668973416176,-0.013724668973416176,0.0,0.0,0.0,0.0
2018-06-26,0.0,-0.0022045770199778936,-0.0022045770199778936,0.0022045770199778936,0.0,0.0022045770199778936,0.0022045770199778936,0.0,0.0,0.0,0.0
2018-06-27,0.0,0.008604355128821406,0.008604355128821406,-0.008604355128821406,0.0,-0.008604355128821406,-0.008604355128821406,0.0,0.0,0.0,0.0
2018-06-28,0.0,-0.00617868985946779,-0.00617868985946779,0.00617868985946779,0.0,0.00617868985946779,0.00617868985946779,0.0,0.0,0.0,0.0
2018-06-29,0.0,-0.0007584033300001014,-0.0007584033300001014,0.0007584033300001014,0.0,0.0007584033300001014,0.0007584033300001014,0.0,0.0,0.0,0.0
2018-07-02,0.0,-0.003067957412152822,-0.003067957412152822,0.003067957412152822,0.0,0.003067957412152822,0.003067957412152822,0.0,0.0,0.0,0.0
2018-07-03,0.0,0.00494735062681062,0.00494735062681062,-0.00494735062681062,0.0,-0.00494735062681062,-0.00494735062681062,0.0,0.0,0.0,0.0
2018-07-05,0.0,0.0,0.008620803683929923,0.008620803683929923,0.008620803683929923,0.008620803683929923,0.008620803683929923,0.0,0.0,0.0,0.0
2018-07-06,0.0,0.0,0.008481281595267509,0.008481281595267509,0.008481281595267509,0.008481281595267509,0.008481281595267509,0.0,0.0,0.0,0.0
2018-07-09,0.0,0.0,0.008822985887663393,0.008822985887663393,0.008822985887663393,0.008822985887663393,0.008822985887663393,0.0,0.0,0.0,0.0
2018-07-10,0.0,0.0,0.003473267180873929,0.003473267180873929,0.003473267180873929,0.003473267180873929,0.003473267180873929,0.0,0.0,0.0,0.0
2018-07-11,0.0,0.0,-0.007094202866256172,-0.007094202866256172,-0.007094202866256172,-0.007094202866256172,-0.007094202866256172,0.0,0.0,0.0,0.0
2018-07-12,0.0,0.0,0.008749042674663476,0.008749042674663476,0.008749042674663476,0.008749042674663476,0.008749042674663476,0.0,0.0,0.0,0.0
2018-07-13,0.0,0.0,0.0010792374947172778,0.0010792374947172778,0.0010792374947172778,0.0010792374947172778,0.0010792374947172778,0.0,0.0,0.0,0.0
2018-07-16,0.0,0.0,-0.001028135726814483,-0.001028135726814483,-0.001028135726814483,-0.001028135726814483,-0.001028135726814483,0.0,0.0,0.0,0.0
2018-07-17,0.0,0.0,0.00397369863071062,0.00397369863071062,0.00397369863071062,0.00397369863071062,0.00397369863071062,0.0,0.0,0.0,0.0
2018-07-18,0.0,0.0,0.0021605126279586884,0.0021605126279586884,0.0021605126279586884,0.0021605126279586884,0.0021605126279586884,0.0,0.0,0.0,0.0
2018-07-19,0.0,0.0,-0.003952993120479142,-0.003952993120479142,-0.003952993120479142,-0.003952993120479142,-0.003952993120479142,0.0,0.0,0.0,0.0
2018-07-20,0.0,0.0,-0.0009484477101494582,-0.0009484477101494582,-0.0009484477101494582,-0.0009484477101494582,-0.0009484477101494582,0.0,0.0,0.0,0.0
2018-07-23,0.0,0.0,0.0018380494891383492,0.0018380494891383492,0.0018380494891383492,0.0018380494891383492,0.0018380494891383492,0.0,0.0,0.0,0.0
2018-07-24,0.0,0.0,0.004780911145920941,0.004780911145920941,0.004780911145920941,0.004780911145920941,0.004780911145920941,0.0,0.0,0.0,0.0
2018-07-25,0.0,0.0,0.009101605057599604,0.009101605057599604,0.009101605057599604,0.009101605057599604,0.009101605057599604,0.0,0.0,0.0,0.0
2018-07-26,0.0,0.0,-0.0030322960242857855,-0.0030322960242857855,-0.0030322960242857855,-0.0030322960242857855,-0.0030322960242857855,0.0,0.0,0.0,0.0
2018-07-27,0.0,0.0,-0.00656220869212365,-0.00656220869212365,-0.00656220869212365,-0.00656220869212365,-0.00656220869212365,0.0,0.0,0.0,0.0
2018-07-30,0.0,0.0,-0.005754170294581917,-0.005754170294581917,-0.005754170294581917,-0.005754170294581917,-0.005754170294581917,0.0,0.0,0.0,0.0
2018-07-31,0.0,0.0,0.004884728797982518,0.004884728797982518,0.004884728797982518,0.004884728797982518,0.004884728797982518,0.0,0.0,0.0,0.0
2018-08-01,0.0,0.0,-0.0010403515262938923,-0.0010403515262938923,-0.0010403515262938923,-0.0010403515262938923,-0.0010403515262938923,0.0,0.0,0.0,0.0
2018-08-02,0.0,0.0,0.004926444803381669,0.004926444803381669,0.004926444803381669,0.004926444803381669,0.004926444803381669,0.0,0.0,0.0,0.0
2018-08-03,0.0,0.0,0.004644183009877123,0.004644183009877123,0.004644183009877123,0.004644183009877123,0.004644183009877123,0.0,0.0,0.0,0.0
2018-08-06,0.0,0.0,0.003538227451535869,0.003538227451535869,0.003538227451535869,0.003538227451535869,0.003538227451535869,0.0,0.0,0.0,0.0
2018-08-07,0.0,0.0,0.0028241822564987196,0.0028241822564987196,0.0028241822564987196,0.0028241822564987196,0.0028241822564987196,0.0,0.0,0.0,0.0
2018-08-08,0.0,0.0,-0.0002623799656497061,-0.0002623799656497061,-0.0002623799656497061,-0.0002623799656497061,-0.0002623799656497061,0.0,0.0,0.0,0.0
2018-08-09,0.0,0.0,-0.0014416744645237012,-0.0014416744645237012,-0.0014416744645237012,-0.0014416744645237012,-0.0014416744645237012,0.0,0.0,0.0,0.0
2018-08-10,0.0,0.0,-0.007113887913551609,-0.007113887913551609,-0.007113887913551609,-0.007113887913551609,-0.007113887913551609,0.0,0.0,0.0,0.0
2018-08-13,0.0,0.0,-0.004005992185342366,-0.004005992185342366,-0.004005992185342366,-0.004005992185342366,-0.004005992185342366,0.0,0.0,0.0,0.0
2018-08-14,0.0,0.0,0.006389254777276809,0.006389254777276809,0.006389254777276809,0.006389254777276809,0.006389254777276809,0.0,0.0,0.0,0.0
2018-08-15,0.0,0.0,-0.007602164835758152,-0.007602164835758152,-0.007602164835758152,-0.007602164835758152,-0.007602164835758152,0.0,0.0,0.0,0.0
2018-08-16,0.0,0.0,0.007919408484583057,0.007919408484583057,0.007919408484583057,0.007919408484583057,0.007919408484583057,0.0,0.0,0.0,0.0
2018-08-17,0.0,0.0,0.0033231157222237684,0.0033231157222237684,0.0033231157222237684,0.0033231157222237684,0.0033231157222237684,0.0,0.0,0.0,0.0
2018-08-20,0.0,0.0,0.0024280177746833775,0.0024280177746833775,0.0024280177746833775,0.0024280177746833775,0.0024280177746833775,0.0,0.0,0.0,0.0
2018-08-21,0.0,0.0,0.0020685364303643095,0.0020685364303643095,0.0020685364303643095,0.0020685364303643095,0.0020685364303643095,0.0,0.0,0.0,0.0
2018-08-22,0.0,0.0,-0.0003981517707819515,-0.0003981517707819515,-0.0003981517707819515,-0.0003981517707819515,-0.0003981517707819515,0.0,0.0,0.0,0.0
2018-08-23,0.0,0.0,-0.0016912621251551352,-0.0016912621251551352,-0.0016912621251551352,-0.0016912621251551352,-0.0016912621251551352,0.0,0.0,0.0,0.0
2018-08-24,0.0,0.0,0.006198839704363079,0.006198839704363079,0.006198839704363079,0.006198839704363079,0.006198839704363079,0.0,0.0,0.0,0.0
2018-08-27,0.0,0.0,0.007670409427647185,0.007670409427647185,0.007670409427647185,0.007670409427647185,0.007670409427647185,0.0,0.0,0.0,0.0
2018-08-28,0.0,0.0,0.00026927832649970007,0.00026927832649970007,0.00026927832649970007,0.00026927832649970007,0.00026927832649970007,0.0,0.0,0.0,0.0
2018-08-29,0.0,0.0,0.005701434129840033,0.005701434129840033,0.005701434129840033,0.005701434129840033,0.005701434129840033,0.0,0.0,0.0,0.0
2018-08-30,0.0,0.0,-0.004430329054144866,-0.004430329054144866,-0.004430329054144866,-0.004430329054144866,-0.004430329054144866,0.0,0.0,0.0,0.0
2018-08-31,0.0,0.0,0.00013447750859452157,0.00013447750859452157,0.00013447750859452157,0.00013447750859452157,0.00013447750859452157,0.0,0.0,0.0,0.0
2018-09-04,0.0,0.0,-0.0016543221469484948,-0.0016543221469484948,-0.0016543221469484948,-0.0016543221469484948,-0.0016543221469484948,0.0,0.0,0.0,0.0
2018-09-05,0.0,0.0,-0.002803126684318036,-0.002803126684318036,-0.002803126684318036,-0.002803126684318036,-0.002803126684318036,0.0,0.0,0.0,0.0
2018-09-06,0.0,0.0,-0.0036523050860121087,-0.0036523050860121087,-0.0036523050860121087,-0.0036523050860121087,-0.0036523050860121087,0.0,0.0,0.0,0.0
2018-09-07,0.0,0.0,-0.002213344827027508,-0.002213344827027508,-0.002213344827027508,-0.002213344827027508,-0.002213344827027508,0.0,0.0,0.0,0.0
2018-09-10,0.0,0.0,0.0018978268127400888,0.0018978268127400888,0.0018978268127400888,0.0018978268127400888,0.0018978268127400888,0.0,0.0,0.0,0.0
2018-09-11,0.0,0.0,0.003739841510076891,0.003739841510076891,0.003739841510076891,0.003739841510076891,0.003739841510076891,0.0,0.0,0.0,0.0
2018-09-12,0.0,0.0,0.00035667194221011833,0.00035667194221011833,0.00035667194221011833,0.00035667194221011833,0.00035667194221011833,0.0,0.0,0.0,0.0
2018-09-13,0.0,0.0,0.005282254329749936,0.005282254329749936,0.005282254329749936,0.005282254329749936,0.005282254329749936,0.0,0.0,0.0,0.0
2018-09-14,0.0,0.0,0.00027548183892078804,0.00027548183892078804,0.00027548183892078804,0.00027548183892078804,0.00027548183892078804,0.0,0.0,0.0,0.0
2018-09-17,0.0,0.0,-0.005569722252617426,-0.005569722252617426,-0.005569722252617426,-0.005569722252617426,-0.005569722252617426,0.0,0.0,0.0,0.0
2018-09-18,0.0,0.0,0.005369014643958003,0.005369014643958003,0.005369014643958003,0.005369014643958003,0.005369014643958003,0.0,0.0,0.0,0.0
2018-09-19,0.0,0.0,0.0012532727238796504,0.0012532727238796504,0.0012532727238796504,0.0012532727238796504,0.0012532727238796504,0.0,0.0,0.0,0.0
2018-09-20,0.0,0.0,0.007840591898404803,0.007840591898404803,0.007840591898404803,0.007840591898404803,0.007840591898404803,0.0,0.0,0.0,0.0
2018-09-21,0.0,0.0,-0.00036853301202766087,-0.00036853301202766087,-0.00036853301202766087,-0.00036853301202766087,-0.00036853301202766087,0.0,0.0,0.0,0.0
2018-09-24,0.0,0.0,-0.0035156877607932513,-0.0035156877607932513,-0.0035156877607932513,-0.0035156877607932513,-0.0035156877607932513,0.0,0.0,0.0,0.0
2018-09-25,0.0,0.0,-0.0013050961134796202,-0.0013050961134796202,-0.0013050961134796202,-0.0013050961134796202,-0.0013050961134796202,0.0,0.0,0.0,0.0
2018-09-26,0.0,0.0,-0.003289278113945082,-0.003289278113945082,-0.003289278113945082,-0.003289278113945082,-0.003289278113945082,0.0,0.0,0.0,0.0
2018-09-27,0.0,0.0,0.0027632870875580196,0.0027632870875580196,0.0027632870875580196,0.0027632870875580196,0.0027632870875580196,0.0,0.0,0.0,0.0
2018-09-28,0.0,0.0,-6.870120538793323e-06,-6.870120538793323e-06,-6.870120538793323e-06,-6.870120538793323e-06,-6.870120538793323e-06,0.0,0.0,0.0,0.0
2018-10-01,0.0,0.0,0.003641105118425747,0.003641105118425747,0.003641105118425747,0.003641105118425747,0.003641105118425747,0.0,0.0,0.0,0.0
2018-10-02,0.0,0.0,-0.0003966902079042267,-0.0003966902079042267,-0.0003966902079042267,-0.0003966902079042267,-0.0003966902079042267,0.0,0.0,0.0,0.0
2018-10-03,0.0,0.0007115197468861023,0.0,0.0007115197468861023,-0.0007115197468861023,0.0,0.0,0.0,-0.0007115197468861023,0.0,0.0
2018-10-04,0.0,-0.008169482334351885,0.0,-0.008169482334351885,0.008169482334351885,0.0,0.0,0.0,0.008169482334351885,0.0,0.0
2018-10-05,0.0,-0.005527978766503461,0.0,-0.005527978766503461,0.005527978766503461,0.0,0.0,0.0,0.005527978766503461,0.0,0.0
2018-10-08,0.0,-0.00039511662920677093,0.0,-0.00039511662920677093,0.00039511662920677093,0.0,0.0,0.0,0.00039511662920677093,0.0,0.0
2018-10-09,0.0,-0.0014179036575431292,0.0,-0.0014179036575431292,0.0014179036575431292,0.0,0.0,0.0,0.0014179036575431292,0.0,0.0
2018-10-10,0.0,-0.0328642290012785,0.0,-0.0328642290012785,0.0328642290012785,0.0,0.0,0.0,0.0328642290012785,0.0,0.0
2018-10-11,0.0,-0.02057300761734404,0.0,-0.02057300761734404,0.02057300761734404,0.0,0.0,0.0,0.02057300761734404,0.0,0.0
2018-10-12,0.0,0.014206197825152422,0.0,0.014206197825152422,-0.014206197825152422,0.0,0.0,0.0,-0.014206197825152422,0.0,0.0
2018-10-15,0.0,-0.005904978964482943,0.0,-0.005904978964482943,0.005904978964482943,0.0,0.0,0.0,0.005904978964482943,0.0,0.0
2018-10-16,0.0,0.02149560016316343,0.0,0.02149560016316343,-0.02149560016316343,0.0,0.0,0.0,-0.02149560016316343,0.0,0.0
2018-10-17,0.0,-0.00025266233815879335,0.0,-0.00025266233815879335,0.00025266233815879335,0.0,0.0,0.0,0.00025266233815879335,0.0,0.0
2018-10-18,0.0,-0.014391922356395415,0.0,-0.014391922356395415,0.014391922356395415,0.0,0.0,0.0,0.014391922356395415,0.0,0.0
2018-10-19,0.0,-0.00036116989772350117,0.0,-0.00036116989772350117,0.00036116989772350117,0.0,0.0,0.0,0.00036116989772350117,0.0,0.0
2018-10-22,0.0,-0.004299527548581317,0.0,-0.004299527548581317,0.004299527548581317,0.0,0.0,0.0,0.004299527548581317,0.0,0.0
2018-10-23,0.0,-0.005511829997012829,0.0,-0.005511829997012829,0.005511829997012829,0.0,0.0,0.0,0.005511829997012829,0.0,0.0
2018-10-24,0.0,-0.030864433977743855,0.0,-0.030864433977743855,0.030864433977743855,0.0,0.0,0.0,0.030864433977743855,0.0,0.0
2018-10-25,0.0,0.018625040052811848,0.0,0.018625040052811848,-0.018625040052811848,0.0,0.0,0.0,-0.018625040052811848,0.0,0.0
2018-10-26,0.0,-0.017327264039978307,0.0,-0.017327264039978307,0.017327264039978307,0.0,0.0,0.0,0.017327264039978307,0.0,0.0
2018-10-29,0.0,-0.0065595995737004476,0.0,-0.0065595995737004476,0.0065595995737004476,0.0,0.0,0.0,0.0065595995737004476,0.0,0.0
2018-10-30,0.0,0.015666780052058682,0.0,0.015666780052058682,-0.015666780052058682,0.0,0.0,0.0,-0.015666780052058682,0.0,0.0
2018-10-31,0.0,0.010851331974038647,0.0,0.010851331974038647,-0.010851331974038647,0.0,0.0,0.0,-0.010851331974038647,0.0,0.0
2018-11-01,0.0,0.010557843693063784,0.0,0.010557843693063784,-0.010557843693063784,0.0,0.0,0.0,-0.010557843693063784,0.0,0.0
2018-11-02,0.0,-0.0063166863793988615,0.0,-0.0063166863793988615,0.0063166863793988615,0.0,0.0,0.0,0.0063166863793988615,0.0,0.0
2018-11-05,0.0,0.005600317169601965,0.0,0.005600317169601965,-0.005600317169601965,0.0,0.0,0.0,-0.005600317169601965,0.0,0.0
2018-11-06,0.0,0.006259295774170726,0.0,0.006259295774170726,-0.006259295774170726,0.0,0.0,0.0,-0.006259295774170726,0.0,0.0
2018-11-07,0.0,0.021208856064105275,0.0,0.021208856064105275,-0.021208856064105275,0.0,0.0,0.0,-0.021208856064105275,0.0,0.0
2018-11-08,0.0,-0.0025089163835961825,0.0,-0.0025089163835961825,0.0025089163835961825,0.0,0.0,0.0,0.0025089163835961825,0.0,0.0
2018-11-09,0.0,-0.00919901370610332,0.0,-0.00919901370610332,0.00919901370610332,0.0,0.0,0.0,0.00919901370610332,0.0,0.0
2018-11-12,0.0,-0.01970148934024063,0.0,-0.01970148934024063,0.01970148934024063,0.0,0.0,0.0,0.01970148934024063,0.0,0.0
2018-11-13,0.0,-0.0014819196931705747,0.0,-0.0014819196931705747,0.0014819196931705747,0.0,0.0,0.0,0.0014819196931705747,0.0,0.0
2018-11-14,0.0,-0.007567410690302756,0.0,-0.007567410690302756,0.007567410690302756,0.0,0.0,0.0,0.007567410690302756,0.0,0.0
2018-11-15,0.0,0.010593753366266334,0.0,0.010593753366266334,-0.010593753366266334,0.0,0.0,0.0,-0.010593753366266334,0.0,0.0
2018-11-16,0.0,0.0022233054237545957,0.0,0.0022233054237545957,-0.0022233054237545957,0.0,0.0,0.0,-0.0022233054237545957,0.0,0.0
2018-11-19,0.0,-0.01664310858849427,0.0,-0.01664310858849427,0.01664310858849427,0.0,0.0,0.0,0.01664310858849427,0.0,0.0
2018-11-20,0.0,-0.01815124083246611,0.0,-0.01815124083246611,0.01815124083246611,0.0,0.0,0.0,0.01815124083246611,0.0,0.0
2018-11-21,0.0,0.0030432907461763747,0.0,0.0030432907461763747,-0.0030432907461763747,0.0,0.0,0.0,-0.0030432907461763747,0.0,0.0
2018-11-23,0.0,-0.006554842390161242,0.0,-0.006554842390161242,0.006554842390161242,0.0,0.0,0.0,0.006554842390161242,0.0,0.0
2018-11-26,0.0,0.0155323683669224,0.0,0.0155323683669224,-0.0155323683669224,0.0,0.0,0.0,-0.0155323683669224,0.0,0.0
2018-11-27,0.0,0.003261692144003847,0.0,0.003261692144003847,-0.003261692144003847,0.0,0.0,0.0,-0.003261692144003847,0.0,0.0
2018-11-28,0.0,0.022973979644221654,0.0,0.022973979644221654,-0.022973979644221654,0.0,0.0,0.0,-0.022973979644221654,0.0,0.0
2018-11-29,0.0,-0.0021831080910337253,0.0,-0.0021831080910337253,0.0021831080910337253,0.0,0.0,0.0,0.0021831080910337253,0.0,0.0
2018-11-30,0.0,0.008170747552017188,0.0,0.008170747552017188,-0.008170747552017188,0.0,0.0,0.0,-0.008170747552017188,0.0,0.0
2018-12-03,0.0,0.010941426132194287,0.0,0.010941426132194287,-0.010941426132194287,0.0,0.0,0.0,-0.010941426132194287,0.0,0.0
2018-12-04,0.0,-0.03236490314939877,0.0,-0.03236490314939877,0.03236490314939877,0.0,0.0,0.0,0.03236490314939877,0.0,0.0
2018-12-06,0.0,-0.0015222281477752508,0.0,-0.0015222281477752508,0.0015222281477752508,0.0,0.0,0.0,0.0015222281477752508,0.0,0.0
2018-12-07,0.0,-0.023320118765389863,0.0,-0.023320118765389863,0.023320118765389863,0.0,0.0,0.0,0.023320118765389863,0.0,0.0
2018-12-10,0.0,0.0017621539947350051,0.0,0.0017621539947350051,-0.0017621539947350051,0.0,0.0,0.0,-0.0017621539947350051,0.0,0.0
2018-12-11,0.0,-0.00035634616892232795,0.0,-0.00035634616892232795,0.00035634616892232795,0.0,0.0,0.0,0.00035634616892232795,0.0,0.0
2018-12-12,0.0,0.005419503676349802,0.0,0.005419503676349802,-0.005419503676349802,0.0,0.0,0.0,-0.005419503676349802,0.0,0.0
2018-12-13,0.0,-0.00019993032368359476,0.0,-0.00019993032368359476,0.00019993032368359476,0.0,0.0,0.0,0.00019993032368359476,0.0,0.0
2018-12-14,0.0,-0.019086709555430348,0.0,-0.019086709555430348,0.019086709555430348,0.0,0.0,0.0,0.019086709555430348,0.0,0.0
2018-12-17,0.0,-0.020773480559224233,0.0,-0.020773480559224233,0.020773480559224233,0.0,0.0,0.0,0.020773480559224233,0.0,0.0
2018-12-18,0.0,8.640058610476231e-05,0.0,8.640058610476231e-05,-8.640058610476231e-05,0.0,0.0,0.0,-8.640058610476231e-05,0.0,0.0
2018-12-19,0.0,-0.01539571453679811,0.0,-0.01539571453679811,0.01539571453679811,0.0,0.0,0.0,0.01539571453679811,0.0,0.0
2018-12-20,0.0,-0.01577210632742365,0.0,-0.01577210632742365,0.01577210632742365,0.0,0.0,0.0,0.01577210632742365,0.0,0.0
2018-12-21,0.0,-0.020588228309714296,0.0,-0.020588228309714296,0.020588228309714296,0.0,0.0,0.0,0.020588228309714296,0.0,0.0
2018-12-24,0.0,-0.027112254452099527,0.0,-0.027112254452099527,0.027112254452099527,0.0,0.0,0.0,0.027112254452099527,0.0,0.0
2018-12-26,0.0,0.04959374278953943,0.0,0.04959374278953943,-0.04959374278953943,0.0,0.0,0.0,-0.04959374278953943,0.0,0.0
2018-12-27,0.0,0.008562680784222065,0.0,0.008562680784222065,-0.008562680784222065,0.0,0.0,0.0,-0.008562680784222065,0.0,0.0
2018-12-28,0.0,-0.0012415825080966947,0.0,-0.0012415825080966947,0.0012415825080966947,0.0,0.0,0.0,0.0012415825080966947,0.0,0.0
2018-12-31,0.0,0.00849248413140935,0.0,0.00849248413140935,-0.00849248413140935,0.0,0.0,0.0,-0.00849248413140935,0.0,0.0
2019-01-02,0.0,0.0012684969251244294,0.0,0.0012684969251244294,-0.0012684969251244294,0.0,0.0,0.0,-0.0012684969251244294,0.0,0.0
2019-01-03,0.0,-0.02475673039503723,0.0,-0.02475673039503723,0.02475673039503723,0.0,0.0,0.0,0.02475673039503723,0.0,0.0
2019-01-04,0.0,-0.03433571464262353,0.0,0.03433571464262353,0.03433571464262353,0.03433571464262353,0.0,0.0,0.0,0.0,0.0
2019-01-07,0.0,-0.007010434848680358,0.0,0.007010434848680358,0.007010434848680358,0.007010434848680358,0.0,0.0,0.0,0.0,0.0
2019-01-08,0.0,-0.009695285023358924,0.0,0.009695285023358924,0.009695285023358924,0.009695285023358924,0.0,0.0,0.0,0.0,0.0
2019-01-09,0.0,-0.004098045450532162,0.0,0.004098045450532162,0.004098045450532162,0.004098045450532162,0.0,0.0,0.0,0.0,0.0
2019-01-10,0.0,-0.004518418782931244,0.0,0.004518418782931244,0.004518418782931244,0.004518418782931244,0.0,0.0,0.0,0.0,0.0
2019-01-11,0.0,0.00014629784190933748,0.0,-0.00014629784190933748,-0.00014629784190933748,-0.00014629784190933748,0.0,0.0,0.0,0.0,0.0
2019-01-14,0.0,0.005257525167898014,0.0,-0.005257525167898014,-0.005257525167898014,-0.005257525167898014,0.0,0.0,0.0,0.0,0.0
2019-01-15,0.0,-0.010721688622945758,0.0,0.010721688622945758,0.010721688622945758,0.010721688622945758,0.0,0.0,0.0,0.0,0.0
2019-01-16,0.0,-0.0022219854881162515,0.0,0.0022219854881162515,0.0022219854881162515,0.0022219854881162515,0.0,0.0,0.0,0.0,0.0
2019-01-17,0.0,-0.0075914003822110665,0.0,0.0075914003822110665,0.0075914003822110665,0.0075914003822110665,0.0,0.0,0.0,0.0,0.0
2019-01-18,0.0,-0.01318305304897005,0.0,0.01318305304897005,0.01318305304897005,0.01318305304897005,0.0,0.0,0.0,0.0,0.0
2019-01-22,0.0,0.014157306164566674,0.0,-0.014157306164566674,-0.014157306164566674,-0.014157306164566674,0.0,0.0,0.0,0.0,0.0
2019-01-23,0.0,-0.0022029127742235755,0.0,0.0022029127742235755,0.0022029127742235755,0.0022029127742235755,0.0,0.0,0.0,0.0,0.0
2019-01-24,0.0,-0.0013757255543636049,0.0,0.0013757255543636049,0.0013757255543636049,0.0013757255543636049,0.0,0.0,0.0,0.0,0.0
2019-01-25,0.0,-0.008488694060713842,0.0,0.008488694060713842,0.008488694060713842,0.008488694060713842,0.0,0.0,0.0,0.0,0.0
2019-01-28,0.0,0.007846827493937836,0.0,-0.007846827493937836,-0.007846827493937836,-0.007846827493937836,0.0,0.0,0.0,0.0,0.0
2019-01-29,0.0,0.0014562465775435074,0.0,-0.0014562465775435074,-0.0014562465775435074,-0.0014562465775435074,0.0,0.0,0.0,0.0,0.0
2019-01-30,0.0,-0.01554926091974429,0.0,0.01554926091974429,0.01554926091974429,0.01554926091974429,0.0,0.0,0.0,0.0,0.0
2019-01-31,0.0,-0.008597395948725328,0.0,0.008597395948725328,0.008597395948725328,0.008597395948725328,0.0,0.0,0.0,0.0,0.0
2019-02-01,0.0,-0.0008986100931438479,0.0,0.0008986100931438479,0.0008986100931438479,0.0008986100931438479,0.0,0.0,0.0,0.0,0.0
2019-02-04,0.0,-0.006776236617404008,0.0,0.006776236617404008,0.006776236617404008,0.006776236617404008,0.0,0.0,0.0,0.0,0.0
2019-02-05,0.0,-0.00470842037697472,0.0,0.00470842037697472,0.00470842037697472,0.00470842037697472,0.0,0.0,0.0,0.0,0.0
2019-02-06,0.0,0.0022244379802809355,0.0,-0.0022244379802809355,-0.0022244379802809355,-0.0022244379802809355,0.0,0.0,0.0,0.0,0.0
2019-02-07,0.0,0.009357140143940179,0.0,-0.009357140143940179,-0.009357140143940179,-0.009357140143940179,0.0,0.0,0.0,0.0,0.0
2019-02-08,0.0,-0.0006762010869560964,0.0,0.0006762010869560964,0.0006762010869560964,0.0006762010869560964,0.0,0.0,0.0,0.0,0.0
2019-02-11,0.0,-0.0007091030986317026,0.0,0.0007091030986317026,0.0007091030986317026,0.0007091030986317026,0.0,0.0,0.0,0.0,0.0
2019-02-12,0.0,-0.0128902247439735,0.0,0.0128902247439735,0.0128902247439735,0.0128902247439735,0.0,0.0,0.0,0.0,0.0
2019-02-13,0.0,-0.003023994668760688,0.0,0.003023994668760688,0.003023994668760688,0.003023994668760688,0.0,0.0,0.0,0.0,0.0
2019-02-14,0.0,0.002651641555101225,0.0,-0.002651641555101225,-0.002651641555101225,-0.002651641555101225,0.0,0.0,0.0,0.0,0.0
2019-02-15,0.0,-0.01087875260858695,0.0,0.01087875260858695,0.01087875260858695,0.01087875260858695,0.0,0.0,0.0,0.0,0.0
2019-02-19,0.0,-0.0014987433214488366,0.0,0.0014987433214488366,0.0014987433214488366,0.0014987433214488366,0.0,0.0,0.0,0.0,0.0
2019-02-20,0.0,-0.0017771107537685182,0.0,0.0017771107537685182,0.0017771107537685182,0.0017771107537685182,0.0,0.0,0.0,0.0,0.0
2019-02-21,0.0,0.003526436790880272,0.0,-0.003526436790880272,-0.003526436790880272,-0.003526436790880272,0.0,0.0,0.0,0.0,0.0
2019-02-22,0.0,-0.006411102394986878,0.0,0.006411102394986878,0.006411102394986878,0.006411102394986878,0.0,0.0,0.0,0.0,0.0
2019-02-25,0.0,-0.0012318625699112573,0.0,0.0012318625699112573,0.0012318625699112573,0.0012318625699112573,0.0,0.0,0.0,0.0,0.0
2019-02-26,0.0,0.0007904570968998437,0.0,-0.0007904570968998437,-0.0007904570968998437,-0.0007904570968998437,0.0,0.0,0.0,0.0,0.0
2019-02-27,0.0,0.0005440493877303387,0.0,-0.0005440493877303387,-0.0005440493877303387,-0.0005440493877303387,0.0,0.0,0.0,0.0,0.0
2019-02-28,0.0,0.0028255083152146643,0.0,-0.0028255083152146643,-0.0028255083152146643,-0.0028255083152146643,0.0,0.0,0.0,0.0,0.0
2019-03-01,0.0,-0.00689532059343434,0.0,0.00689532059343434,0.00689532059343434,0.00689532059343434,0.0,0.0,0.0,0.0,0.0
2019-03-04,0.0,0.003880558492514008,0.0,-0.003880558492514008,-0.003880558492514008,-0.003880558492514008,0.0,0.0,0.0,0.0,0.0
2019-03-05,0.0,0.001131532823106185,0.0,-0.001131532823106185,-0.001131532823106185,-0.001131532823106185,0.0,0.0,0.0,0.0,0.0
2019-03-06,0.0,0.006524098653592381,0.0,-0.006524098653592381,-0.006524098653592381,-0.006524098653592381,0.0,0.0,0.0,0.0,0.0
2019-03-07,0.0,0.00812571755868352,0.0,-0.00812571755868352,-0.00812571755868352,-0.00812571755868352,0.0,0.0,0.0,0.0,0.0
2019-03-08,0.0,0.0021316888487414865,0.0,-0.0021316888487414865,-0.0021316888487414865,-0.0021316888487414865,0.0,0.0,0.0,0.0,0.0
2019-03-11,0.0,-0.014666041867757107,0.0,0.014666041867757107,0.014666041867757107,0.014666041867757107,0.0,0.0,0.0,0.0,0.0
2019-03-12,0.0,-0.0029533182046204143,0.0,0.0029533182046204143,0.0029533182046204143,0.0029533182046204143,0.0,0.0,0.0,0.0,0.0
2019-03-13,0.0,-0.006949583813841809,0.0,0.006949583813841809,0.006949583813841809,0.006949583813841809,0.0,0.0,0.0,0.0,0.0
2019-03-14,0.0,0.0008680223820187738,0.0,-0.0008680223820187738,-0.0008680223820187738,-0.0008680223820187738,0.0,0.0,0.0,0.0,0.0
2019-03-15,0.0,-0.00498490290027398,0.0,0.00498490290027398,0.00498490290027398,0.00498490290027398,0.0,0.0,0.0,0.0,0.0
2019-03-18,0.0,-0.0037059469012648005,0.0,0.0037059469012648005,0.0037059469012648005,0.0037059469012648005,0.0,0.0,0.0,0.0,0.0
2019-03-19,0.0,0.0001305615560248663,0.0,-0.0001305615560248663,-0.0001305615560248663,-0.0001305615560248663,0.0,0.0,0.0,0.0,0.0
2019-03-20,0.0,0.0029443536044478913,0.0,-0.0029443536044478913,-0.0029443536044478913,-0.0029443536044478913,0.0,0.0,0.0,0.0,0.0
2019-03-21,0.0,-0.010852481049954399,0.0,0.010852481049954399,0.010852481049954399,0.010852481049954399,0.0,0.0,0.0,0.0,0.0
2019-03-22,0.0,0.018974501239482744,0.0,-0.018974501239482744,-0.018974501239482744,-0.018974501239482744,0.0,0.0,0.0,0.0,0.0
2019-03-25,0.0,0.000839020658475631,0.0,-0.000839020658475631,-0.000839020658475631,-0.000839020658475631,0.0,0.0,0.0,0.0,0.0
2019-03-26,0.0,-0.007182725862306283,0.0,0.007182725862306283,0.007182725862306283,0.007182725862306283,0.0,0.0,0.0,0.0,0.0
2019-03-27,0.0,0.0046443248906916645,0.0,-0.0046443248906916645,-0.0046443248906916645,-0.0046443248906916645,0.0,0.0,0.0,0.0,0.0
2019-03-28,0.0,-0.003589481529391092,0.0,0.003589481529391092,0.003589481529391092,0.003589481529391092,0.0,0.0,0.0,0.0,0.0
2019-03-29,0.0,-0.0067342800173637585,0.0,0.0067342800173637585,0.0067342800173637585,0.0067342800173637585,0.0,0.0,0.0,0.0,0.0
2019-04-01,0.0,-0.011568600124275408,0.0,0.011568600124275408,0.011568600124275408,0.011568600124275408,0.0,0.0,0.0,0.0,0.0
2019-04-02,0.0,-1.745570720723677e-05,0.0,1.745570720723677e-05,1.745570720723677e-05,1.745570720723677e-05,0.0,0.0,0.0,0.0,0.0
2019-04-03,0.0,-0.002148376881724312,0.0,0.002148376881724312,0.002148376881724312,0.002148376881724312,0.0,0.0,0.0,0.0,0.0
2019-04-04,0.0,-0.0020846350796801527,0.0,0.0020846350796801527,0.0020846350796801527,0.0020846350796801527,0.0,0.0,0.0,0.0,0.0
2019-04-05,0.0,0.0,0.0,0.004636432770241061,0.0,-0.004636432770241061,-0.004636432770241061,0.0,0.0,0.0,0.0
2019-04-08,0.0,0.0,0.0,0.0010474599539205265,0.0,-0.0010474599539205265,-0.0010474599539205265,0.0,0.0,0.0,0.0
2019-04-09,0.0,0.0,0.0,-0.006067494393846573,0.0,0.006067494393846573,0.006067494393846573,0.0,0.0,0.0,0.0
2019-04-10,0.0,0.0,0.0,0.0034778715639784963,0.0,-0.0034778715639784963,-0.0034778715639784963,0.0,0.0,0.0,0.0
2019-04-11,0.0,0.0,0.0,3.8123067008344336e-05,0.0,-3.8123067008344336e-05,-3.8123067008344336e-05,0.0,0.0,0.0,0.0
2019-04-12,0.0,0.0,0.0,0.006609324208602496,0.0,-0.006609324208602496,-0.006609324208602496,0.0,0.0,0.0,0.0
2019-04-15,0.0,0.0,0.0,-0.0006293691084816588,0.0,0.0006293691084816588,0.0006293691084816588,0.0,0.0,0.0,0.0
2019-04-16,0.0,0.0,0.0,0.0005093580038946222,0.0,-0.0005093580038946222,-0.0005093580038946222,0.0,0.0,0.0,0.0
2019-04-17,0.0,0.0,0.0,-0.0022738117853239315,0.0,0.0022738117853239315,0.0022738117853239315,0.0,0.0,0.0,0.0
2019-04-18,0.0,0.0,0.0,0.0015790922795098083,0.0,-0.0015790922795098083,-0.0015790922795098083,0.0,0.0,0.0,0.0
2019-04-22,0.0,0.0,0.0,0.001012017561471401,0.0,-0.001012017561471401,-0.001012017561471401,0.0,0.0,0.0,0.0
2019-04-23,0.0,0.0,0.0,0.008841205788409079,0.0,-0.008841205788409079,-0.008841205788409079,0.0,0.0,0.0,0.0
2019-04-24,0.0,0.0,0.0,-0.002191763174733685,0.0,0.002191763174733685,0.002191763174733685,0.0,0.0,0.0,0.0
2019-04-25,0.0,0.0,0.0,-0.0003689736527457965,0.0,0.0003689736527457965,0.0003689736527457965,0.0,0.0,0.0,0.0
2019-04-26,0.0,0.0,0.0,0.0046852921407636305,0.0,-0.0046852921407636305,-0.0046852921407636305,0.0,0.0,0.0,0.0
2019-04-29,0.0,0.0,0.0,0.001071522174355355,0.0,-0.001071522174355355,-0.001071522174355355,0.0,0.0,0.0,0.0
2019-04-30,0.0,0.0,0.0,0.0009514170090862972,0.0,-0.0009514170090862972,-0.0009514170090862972,0.0,0.0,0.0,0.0
2019-05-01,0.0,0.0,0.0,-0.007502163081421376,0.0,0.007502163081421376,0.007502163081421376,0.0,0.0,0.0,0.0
2019-05-02,0.0,0.0,0.0,-0.0021239857917741967,0.0,0.0021239857917741967,0.0021239857917741967,0.0,0.0,0.0,0.0
2019-05-03,0.0,0.0,0.0,0.009638279380647763,0.0,-0.009638279380647763,-0.009638279380647763,0.0,0.0,0.0,0.0
2019-05-06,0.0,0.0,0.0,-0.004470988428756373,0.0,0.004470988428756373,0.004470988428756373,0.0,0.0,0.0,0.0
2019-05-07,0.0,0.0,0.0,-0.016511651392423388,0.0,0.016511651392423388,0.016511651392423388,0.0,0.0,0.0,0.0
2019-05-08,0.0,0.0,0.0,-0.0016054253132695706,0.0,0.0016054253132695706,0.0016054253132695706,0.0,0.0,0.0,0.0
2019-05-09,0.0,0.0,0.0,-0.0030214249424966866,0.0,0.0030214249424966866,0.0030214249424966866,0.0,0.0,0.0,0.0
2019-05-10,0.0,0.0,0.0,0.0037202972597878414,0.0,-0.0037202972597878414,-0.0037202972597878414,0.0,0.0,0.0,0.0
2019-05-13,0.0,0.0,0.0,-0.02413055719884427,0.0,0.02413055719884427,0.02413055719884427,0.0,0.0,0.0,0.0
2019-05-14,0.0,0.0,0.0,0.008015944543135589,0.0,-0.008015944543135589,-0.008015944543135589,0.0,0.0,0.0,0.0
2019-05-15,0.0,0.0,0.0,0.00583897507464215,0.0,-0.00583897507464215,-0.00583897507464215,0.0,0.0,0.0,0.0
2019-05-16,0.0,0.0,0.0,0.008895287120600504,0.0,-0.008895287120600504,-0.008895287120600504,0.0,0.0,0.0,0.0
2019-05-17,0.0,0.0,0.0,-0.005837333350761975,0.0,0.005837333350761975,0.005837333350761975,0.0,0.0,0.0,0.0
2019-05-20,0.0,0.0,0.0,-0.0067493779153879885,0.0,0.0067493779153879885,0.0067493779153879885,0.0,0.0,0.0,0.0
2019-05-21,0.0,0.0,0.0,0.008495835590448308,0.0,-0.008495835590448308,-0.008495835590448308,0.0,0.0,0.0,0.0
2019-05-22,0.0,0.0,0.0,-0.0028243962306494508,0.0,0.0028243962306494508,0.0028243962306494508,0.0,0.0,0.0,0.0
2019-05-23,0.0,0.0,0.0,-0.01191414994527018,0.0,0.01191414994527018,0.01191414994527018,0.0,0.0,0.0,0.0
2019-05-24,0.0,0.0,0.0,0.0013535590072402126,0.0,-0.0013535590072402126,-0.0013535590072402126,0.0,0.0,0.0,0.0
2019-05-28,0.0,0.0,0.0,-0.008375676922946718,0.0,0.008375676922946718,0.008375676922946718,0.0,0.0,0.0,0.0
2019-05-29,0.0,0.0,0.0,-0.0069119122568113145,0.0,0.0069119122568113145,0.0069119122568113145,0.0,0.0,0.0,0.0
2019-05-30,0.0,0.0,0.0,0.0020984713906617714,0.0,-0.0020984713906617714,-0.0020984713906617714,0.0,0.0,0.0,0.0
2019-05-31,0.0,0.0,0.0,-0.01319537280847849,0.0,0.01319537280847849,0.01319537280847849,0.0,0.0,0.0,0.0
2019-06-03,0.0,0.0,0.0,-0.0027652403144732274,0.0,0.0027652403144732274,0.0027652403144732274,0.0,0.0,0.0,0.0
2019-06-04,0.0,0.0,0.0,0.021432370568193138,0.0,-0.021432370568193138,-0.021432370568193138,0.0,0.0,0.0,0.0
2019-06-05,0.0,0.0,0.0,0.008161854781411959,0.0,-0.008161854781411959,-0.008161854781411959,0.0,0.0,0.0,0.0
2019-06-06,0.0,0.0,0.0,0.006135586748687638,0.0,-0.006135586748687638,-0.006135586748687638,0.0,0.0,0.0,0.0
2019-06-07,0.0,0.0,0.0,0.01049769746289475,0.0,-0.01049769746289475,-0.01049769746289475,0.0,0.0,0.0,0.0
2019-06-10,0.0,0.0,0.0,0.0046600444669098184,0.0,-0.0046600444669098184,-0.0046600444669098184,0.0,0.0,0.0,0.0
2019-06-11,0.0,0.0,0.0,-0.00034988023558091275,0.0,0.00034988023558091275,0.00034988023558091275,0.0,0.0,0.0,0.0
2019-06-12,0.0,0.0,0.0,-0.0020375791387226005,0.0,0.0020375791387226005,0.0020375791387226005,0.0,0.0,0.0,0.0
2019-06-13,0.0,0.0,0.0,0.004097381912668174,0.0,-0.004097381912668174,-0.004097381912668174,0.0,0.0,0.0,0.0
2019-06-14,0.0,0.0,0.0,-0.001611511904139773,0.0,0.001611511904139773,0.001611511904139773,0.0,0.0,0.0,0.0
2019-06-17,0.0,0.0,0.0,0.0009317492412306283,0.0,-0.0009317492412306283,-0.0009317492412306283,0.0,0.0,0.0,0.0
2019-06-18,0.0,0.0,0.0,0.009717399870633026,0.0,-0.009717399870633026,-0.009717399870633026,0.0,0.0,0.0,0.0
2019-06-19,0.0,0.0,0.0,0.002985163546397107,0.0,-0.002985163546397107,-0.002985163546397107,0.0,0.0,0.0,0.0
2019-06-20,0.0,0.0,0.0,0.009472185190685156,0.0,-0.009472185190685156,-0.009472185190685156,0.0,0.0,0.0,0.0
2019-06-21,0.0,0.0,0.0,-0.0012592227925193322,0.0,0.0012592227925193322,0.0012592227925193322,0.0,0.0,0.0,0.0
2019-06-24,0.0,0.0,0.0,-0.0017318870104667816,0.0,0.0017318870104667816,0.0017318870104667816,0.0,0.0,0.0,0.0
2019-06-25,0.0,0.0,0.0,-0.009496397343734198,0.0,0.009496397343734198,0.009496397343734198,0.0,0.0,0.0,0.0
2019-06-26,0.0,0.0,0.0,-0.0012339337557076835,0.0,0.0012339337557076835,0.0012339337557076835,0.0,0.0,0.0,0.0
2019-06-27,0.0,0.0,0.0,0.003823175554131808,0.0,-0.003823175554131808,-0.003823175554131808,0.0,0.0,0.0,0.0
2019-06-28,0.0,0.0,0.0,0.0057574526279098315,0.0,-0.0057574526279098315,-0.0057574526279098315,0.0,0.0,0.0,0.0
2019-07-01,0.0,0.0,0.0,0.007672301032188189,0.0,-0.007672301032188189,-0.007672301032188189,0.0,0.0,0.0,0.0
2019-07-02,0.0,0.0,0.0,0.002928125887423194,0.0,-0.002928125887423194,-0.002928125887423194,0.0,0.0,0.0,0.0
2019-07-03,0.0,0.0,0.0,0.007672378673070135,0.0,-0.007672378673070135,-0.007672378673070135,0.0,0.0,0.0,0.0
2019-07-05,0.0,0.0,0.0,-0.00180590159841032,0.0,0.00180590159841032,0.00180590159841032,0.0,0.0,0.0,0.0
2019-07-08,0.0,0.0,0.0,-0.004835444424841517,0.0,0.004835444424841517,0.004835444424841517,0.0,0.0,0.0,0.0
2019-07-09,0.0,0.0,0.0,0.0012365569653400854,0.0,-0.0012365569653400854,-0.0012365569653400854,0.0,0.0,0.0,0.0
2019-07-10,0.0,0.0,0.0,0.0045106896075925995,0.0,-0.0045106896075925995,-0.0045106896075925995,0.0,0.0,0.0,0.0
2019-07-11,0.0,0.0,0.0,0.002285226738359958,0.0,-0.002285226738359958,-0.002285226738359958,0.0,0.0,0.0,0.0
2019-07-12,0.0,0.0,0.0,0.004620174547884881,0.0,-0.004620174547884881,-0.004620174547884881,0.0,0.0,0.0,0.0
2019-07-15,0.0,0.0,0.0,0.00017586919155743175,0.0,-0.00017586919155743175,-0.00017586919155743175,0.0,0.0,0.0,0.0
2019-07-16,0.0,0.0,0.0,-0.003403778522185874,0.0,0.003403778522185874,0.003403778522185874,0.0,0.0,0.0,0.0
2019-07-17,0.0,0.0,0.0,-0.006531243569450895,0.0,0.006531243569450895,0.006531243569450895,0.0,0.0,0.0,0.0
2019-07-18,0.0,0.0,0.0,0.003581997784064761,0.0,-0.003581997784064761,-0.003581997784064761,0.0,0.0,0.0,0.0
2019-07-19,0.0,0.0,0.0,-0.00617673452276668,0.0,0.00617673452276668,0.00617673452276668,0.0,0.0,0.0,0.0
2019-07-22,0.0,0.0,0.0,0.002828694915066654,0.0,-0.002828694915066654,-0.002828694915066654,0.0,0.0,0.0,0.0
2019-07-23,0.0,0.0,0.0,0.006847482673755456,0.0,-0.006847482673755456,-0.006847482673755456,0.0,0.0,0.0,0.0
2019-07-24,0.0,0.0,0.0,0.004688147952890187,0.0,-0.004688147952890187,-0.004688147952890187,0.0,0.0,0.0,0.0
2019-07-25,0.0,0.0,0.0,-0.005262401280453521,0.0,0.005262401280453521,0.005262401280453521,0.0,0.0,0.0,0.0
2019-07-26,0.0,0.0,0.0,0.007387691099234761,0.0,-0.007387691099234761,-0.007387691099234761,0.0,0.0,0.0,0.0
2019-07-29,0.0,0.0,0.0,-0.0016161146071345112,0.0,0.0016161146071345112,0.0016161146071345112,0.0,0.0,0.0,0.0
2019-07-30,0.0,0.0,0.0,-0.0025786549148275606,0.0,0.0025786549148275606,0.0025786549148275606,0.0,0.0,0.0,0.0
2019-07-31,0.0,0.0,0.0,-0.010885526112695776,0.0,0.010885526112695776,0.010885526112695776,0.0,0.0,0.0,0.0
2019-08-01,0.0,0.0,0.0,-0.00899879386967306,0.0,0.00899879386967306,0.00899879386967306,0.0,0.0,0.0,0.0
2019-08-02,0.0,0.0,0.0,-0.007282739927037873,0.0,0.007282739927037873,0.007282739927037873,0.0,0.0,0.0,0.0
2019-08-05,0.0,0.0,0.0,-0.0297778200029859,0.0,0.0297778200029859,0.0297778200029859,0.0,0.0,0.0,0.0
2019-08-06,0.0,0.0,0.0,0.013017017169932643,0.0,-0.013017017169932643,-0.013017017169932643,0.0,0.0,0.0,0.0
2019-08-07,0.0,0.0,0.0,0.0007668762331907164,0.0,-0.0007668762331907164,-0.0007668762331907164,0.0,0.0,0.0,0.0
2019-08-08,0.0,0.0,0.0,0.018762303409984193,0.0,-0.018762303409984193,-0.018762303409984193,0.0,0.0,0.0,0.0
2019-08-09,0.0,0.0,0.0,-0.00661660635492356,0.0,0.00661660635492356,0.00661660635492356,0.0,0.0,0.0,0.0
2019-08-12,0.0,0.0,0.0,-0.012317322177972212,0.0,0.012317322177972212,0.012317322177972212,0.0,0.0,0.0,0.0
2019-08-13,0.0,0.0,0.0,0.015131688322181258,0.0,-0.015131688322181258,-0.015131688322181258,0.0,0.0,0.0,0.0
2019-08-14,0.0,0.0,0.0,-0.029292752911742603,0.0,0.029292752911742603,0.029292752911742603,0.0,0.0,0.0,0.0
2019-08-15,0.0,0.0,0.0,0.0024642680276520945,0.0,-0.0024642680276520945,-0.0024642680276520945,0.0,0.0,0.0,0.0
2019-08-16,0.0,0.0,0.0,0.014426124657807904,0.0,-0.014426124657807904,-0.014426124657807904,0.0,0.0,0.0,0.0
2019-08-19,0.0,0.0,0.0,0.012105865492430645,0.0,-0.012105865492430645,-0.012105865492430645,0.0,0.0,0.0,0.0
2019-08-20,0.0,0.0,0.0,-0.007914727601131322,0.0,0.007914727601131322,0.007914727601131322,0.0,0.0,0.0,0.0
2019-08-21,0.0,0.0,0.0,0.00824679859557964,0.0,-0.00824679859557964,-0.00824679859557964,0.0,0.0,0.0,0.0
2019-08-22,0.0,0.0,0.0,-0.0005060748601761755,0.0,0.0005060748601761755,0.0005060748601761755,0.0,0.0,0.0,0.0
2019-08-23,0.0,0.0,0.0,-0.025946336754618105,0.0,0.025946336754618105,0.025946336754618105,0.0,0.0,0.0,0.0
2019-08-26,0.0,0.0,0.0,0.010982987735216332,0.0,-0.010982987735216332,-0.010982987735216332,0.0,0.0,0.0,0.0
2019-08-27,0.0,0.0,0.0,-0.003203180635808267,0.0,0.003203180635808267,0.003203180635808267,0.0,0.0,0.0,0.0
2019-08-28,0.0,0.0,0.0,0.006545480165679685,0.0,-0.006545480165679685,-0.006545480165679685,0.0,0.0,0.0,0.0
2019-08-29,0.0,0.0,0.0,0.012687291793508804,0.0,-0.012687291793508804,-0.012687291793508804,0.0,0.0,0.0,0.0
2019-08-30,0.0,0.0,0.0,0.0006427872591217021,0.0,-0.0006427872591217021,-0.0006427872591217021,0.0,0.0,0.0,0.0
2019-09-03,0.0,0.0,0.0,-0.00689910050906084,0.0,0.00689910050906084,0.00689910050906084,0.0,0.0,0.0,0.0
2019-09-04,0.0,0.0,0.0,0.010842079212828093,0.0,-0.010842079212828093,-0.010842079212828093,0.0,0.0,0.0,0.0
2019-09-05,0.0,0.0,0.0,0.013009813642266721,0.0,-0.013009813642266721,-0.013009813642266721,0.0,0.0,0.0,0.0
2019-09-06,0.0,0.0,0.0,0.0009106051537297599,0.0,-0.0009106051537297599,-0.0009106051537297599,0.0,0.0,0.0,0.0
2019-09-09,0.0,0.0,0.0,-9.401025965849463e-05,0.0,9.401025965849463e-05,9.401025965849463e-05,0.0,0.0,0.0,0.0
2019-09-10,0.0,0.0,0.0,0.0003223043548219451,0.0,-0.0003223043548219451,-0.0003223043548219451,0.0,0.0,0.0,0.0
2019-09-11,0.0,0.0,0.0,0.007229681189480308,0.0,-0.007229681189480308,-0.007229681189480308,0.0,0.0,0.0,0.0
2019-09-12,0.0,0.0,0.0,0.002879153101061016,0.0,-0.002879153101061016,-0.002879153101061016,0.0,0.0,0.0,0.0
2019-09-13,0.0,0.0,0.0,-0.0007244143620946941,0.0,0.0007244143620946941,0.0007244143620946941,0.0,0.0,0.0,0.0
2019-09-16,0.0,0.0,0.0,-0.0031355866640028207,0.0,0.0031355866640028207,0.0031355866640028207,0.0,0.0,0.0,0.0
2019-09-17,0.0,0.0,0.0,0.0025817523700197853,0.0,-0.0025817523700197853,-0.0025817523700197853,0.0,0.0,0.0,0.0
2019-09-18,0.0,0.0,0.0,0.00034269198975556137,0.0,-0.00034269198975556137,-0.00034269198975556137,0.0,0.0,0.0,0.0
2019-09-19,0.0,0.0,0.0,1.997472142156731e-05,0.0,-1.997472142156731e-05,-1.997472142156731e-05,0.0,0.0,0.0,0.0
2019-09-20,0.0,0.0,0.0,-0.0048955765157830955,0.0,0.0048955765157830955,0.0048955765157830955,0.0,0.0,0.0,0.0
2019-09-23,0.0,0.0,0.0,-9.693591923765066e-05,0.0,9.693591923765066e-05,9.693591923765066e-05,0.0,0.0,0.0,0.0
2019-09-24,0.0,0.0,0.0,-0.008416371322106486,0.0,0.008416371322106486,0.008416371322106486,0.0,0.0,0.0,0.0
2019-09-25,0.0,0.0,0.0,0.006158571742003405,0.0,-0.006158571742003405,-0.006158571742003405,0.0,0.0,0.0,0.0
2019-09-26,0.0,0.0,0.0,-0.002428916406865711,0.0,0.002428916406865711,0.002428916406865711,0.0,0.0,0.0,0.0
2019-09-27,0.0,0.0,0.0,-0.005316352490240539,0.0,0.005316352490240539,0.005316352490240539,0.0,0.0,0.0,0.0
2019-09-30,0.0,0.0,0.0,0.005047606675254723,0.0,-0.005047606675254723,-0.005047606675254723,0.0,0.0,0.0,0.0
2019-10-01,0.0,0.0,0.0,-0.012258373372913245,0.0,0.012258373372913245,0.012258373372913245,0.0,0.0,0.0,0.0
2019-10-02,0.0,0.0,0.0,-0.017903202985502964,0.0,0.017903202985502964,0.017903202985502964,0.0,0.0,0.0,0.0
2019-10-03,0.0,0.0,0.0,0.00797191259701524,0.0,-0.00797191259701524,-0.00797191259701524,0.0,0.0,0.0,0.0
2019-10-04,0.0,0.0,0.0,0.014216897585460186,0.014216897585460186,0.014216897585460186,0.014216897585460186,0.0,0.0,0.0,0.0
2019-10-07,0.0,0.0,0.0,-0.004478294673592398,-0.004478294673592398,-0.004478294673592398,-0.004478294673592398,0.0,0.0,0.0,0.0
2019-10-08,0.0,0.0,0.0,-0.015560819201407838,-0.015560819201407838,-0.015560819201407838,-0.015560819201407838,0.0,0.0,0.0,0.0
2019-10-09,0.0,0.0,0.0,0.0091044925499415,0.0091044925499415,0.0091044925499415,0.0091044925499415,0.0,0.0,0.0,0.0
2019-10-10,0.0,0.0,0.0,0.006415695380997066,0.006415695380997066,0.006415695380997066,0.006415695380997066,0.0,0.0,0.0,0.0
2019-10-11,0.0,0.0,0.0,0.010938977513132997,0.010938977513132997,0.010938977513132997,0.010938977513132997,0.0,0.0,0.0,0.0
2019-10-14,0.0,0.0,0.0,-0.0013871187334510982,-0.0013871187334510982,-0.0013871187334510982,-0.0013871187334510982,0.0,0.0,0.0,0.0
2019-10-15,0.0,0.0,0.0,0.009955676641137279,0.009955676641137279,0.009955676641137279,0.009955676641137279,0.0,0.0,0.0,0.0
2019-10-16,0.0,0.0,0.0,-0.0019995427986508885,-0.0019995427986508885,-0.0019995427986508885,-0.0019995427986508885,0.0,0.0,0.0,0.0
2019-10-17,0.0,0.0,0.0,0.0027628315736780706,0.0027628315736780706,0.0027628315736780706,0.0027628315736780706,0.0,0.0,0.0,0.0
2019-10-18,0.0,0.0,0.0,-0.003919344949506964,-0.003919344949506964,-0.003919344949506964,-0.003919344949506964,0.0,0.0,0.0,0.0
2019-10-21,0.0,0.0,0.0,0.006871616056117524,0.006871616056117524,0.006871616056117524,0.006871616056117524,0.0,0.0,0.0,0.0
2019-10-22,0.0,0.0,0.0,-0.003568666378412577,-0.003568666378412577,-0.003568666378412577,-0.003568666378412577,0.0,0.0,0.0,0.0
2019-10-23,0.0,0.0,0.0,0.0028471487971184484,0.0028471487971184484,0.0028471487971184484,0.0028471487971184484,0.0,0.0,0.0,0.0
2019-10-24,0.0,0.0,0.0,0.0019204463587332299,0.0019204463587332299,0.0019204463587332299,0.0019204463587332299,0.0,0.0,0.0,0.0
2019-10-25,0.0,0.0,0.0,0.004072700506109195,0.004072700506109195,0.004072700506109195,0.004072700506109195,0.0,0.0,0.0,0.0
2019-10-28,0.0,0.0,0.0,0.005581337868471481,0.005581337868471481,0.005581337868471481,0.005581337868471481,0.0,0.0,0.0,0.0
2019-10-29,0.0,0.0,0.0,-0.0008324053147991117,-0.0008324053147991117,-0.0008324053147991117,-0.0008324053147991117,0.0,0.0,0.0,0.0
2019-10-30,0.0,0.0,0.0,0.00325337015914573,0.00325337015914573,0.00325337015914573,0.00325337015914573,0.0,0.0,0.0,0.0
2019-10-31,0.0,0.0,0.0,-0.0030228605633046968,-0.0030228605633046968,-0.0030228605633046968,-0.0030228605633046968,0.0,0.0,0.0,0.0
2019-11-01,0.0,0.0,0.0,0.009662312168146059,0.009662312168146059,0.009662312168146059,0.009662312168146059,0.0,0.0,0.0,0.0
2019-11-04,0.0,0.0,0.0,0.003704089049704651,0.003704089049704651,0.003704089049704651,0.003704089049704651,0.0,0.0,0.0,0.0
2019-11-05,0.0,0.0,0.0,-0.001185699214361291,-0.001185699214361291,-0.001185699214361291,-0.001185699214361291,0.0,0.0,0.0,0.0
2019-11-06,0.0,0.0,0.0,0.0007024972279667807,0.0007024972279667807,0.0007024972279667807,0.0007024972279667807,0.0,0.0,0.0,0.0
2019-11-07,0.0,0.0,0.0,0.0027300951851503275,0.0027300951851503275,0.0027300951851503275,0.0027300951851503275,0.0,0.0,0.0,0.0
2019-11-08,0.0,0.0,0.0,0.0025606760900243053,0.0025606760900243053,0.0025606760900243053,0.0025606760900243053,0.0,0.0,0.0,0.0
2019-11-11,0.0,0.0,0.0,-0.0019624672514313435,-0.0019624672514313435,-0.0019624672514313435,-0.0019624672514313435,0.0,0.0,0.0,0.0
2019-11-12,0.0,0.0,0.0,0.0015646460846321375,0.0015646460846321375,0.0015646460846321375,0.0015646460846321375,0.0,0.0,0.0,0.0
2019-11-13,0.0,0.0,0.0,0.0007115345908383919,0.0007115345908383919,0.0007115345908383919,0.0007115345908383919,0.0,0.0,0.0,0.0
2019-11-14,0.0,0.0,0.0,0.0008370427393644686,0.0008370427393644686,0.0008370427393644686,0.0008370427393644686,0.0,0.0,0.0,0.0
2019-11-15,0.0,0.0,0.0,0.007695488006902673,0.007695488006902673,0.007695488006902673,0.007695488006902673,0.0,0.0,0.0,0.0
2019-11-18,0.0,0.0,0.0,0.0005031528617669423,0.0005031528617669423,0.0005031528617669423,0.0005031528617669423,0.0,0.0,0.0,0.0
2019-11-19,0.0,0.0,0.0,-0.0005925944462060739,-0.0005925944462060739,-0.0005925944462060739,-0.0005925944462060739,0.0,0.0,0.0,0.0
2019-11-20,0.0,0.0,0.0,-0.003756184245747196,-0.003756184245747196,-0.003756184245747196,-0.003756184245747196,0.0,0.0,0.0,0.0
2019-11-21,0.0,0.0,0.0,-0.0015827522106851566,-0.0015827522106851566,-0.0015827522106851566,-0.0015827522106851566,0.0,0.0,0.0,0.0
2019-11-22,0.0,0.0,0.0,0.0021749356911917594,0.0021749356911917594,0.0021749356911917594,0.0021749356911917594,0.0,0.0,0.0,0.0
2019-11-25,0.0,0.0,0.0,0.007507291353015866,0.007507291353015866,0.007507291353015866,0.007507291353015866,0.0,0.0,0.0,0.0
2019-11-26,0.0,0.0,0.0,0.0021955703874654287,0.0021955703874654287,0.0021955703874654287,0.0021955703874654287,0.0,0.0,0.0,0.0
2019-11-27,0.0,0.0,0.0,0.004174424362754614,0.004174424362754614,0.004174424362754614,0.004174424362754614,0.0,0.0,0.0,0.0
2019-11-29,0.0,0.0,0.0,-0.004011219709926239,-0.004011219709926239,-0.004011219709926239,-0.004011219709926239,0.0,0.0,0.0,0.0
2019-12-02,0.0,0.0,0.0,-0.008631020716408422,-0.008631020716408422,-0.008631020716408422,-0.008631020716408422,0.0,0.0,0.0,0.0
2019-12-03,0.0,0.0,0.0,-0.00663809511563529,-0.00663809511563529,-0.00663809511563529,-0.00663809511563529,0.0,0.0,0.0,0.0
2019-12-04,0.0,0.0,0.0,0.00632356747139462,0.00632356747139462,0.00632356747139462,0.00632356747139462,0.0,0.0,0.0,0.0
2019-12-05,0.0,0.0,0.0,0.0015002511791302187,0.0015002511791302187,0.0015002511791302187,0.0015002511791302187,0.0,0.0,0.0,0.0
2019-12-06,0.0,0.0,0.0,0.009135724328457329,0.009135724328457329,0.009135724328457329,0.009135724328457329,0.0,0.0,0.0,0.0
2019-12-09,0.0,0.0,0.0,-0.00316282139344648,-0.00316282139344648,-0.00316282139344648,-0.00316282139344648,0.0,0.0,0.0,0.0
2019-12-10,0.0,0.0,0.0,-0.0010969340964486207,-0.0010969340964486207,-0.0010969340964486207,-0.0010969340964486207,0.0,0.0,0.0,0.0
2019-12-11,0.0,0.0,0.0,0.002908158040315856,0.002908158040315856,0.002908158040315856,0.002908158040315856,0.0,0.0,0.0,0.0
2019-12-12,0.0,0.0,0.0,0.008575225775086182,0.008575225775086182,0.008575225775086182,0.008575225775086182,0.0,0.0,0.0,0.0
2019-12-13,0.0,0.0,0.0,7.258178414493166e-05,7.258178414493166e-05,7.258178414493166e-05,7.258178414493166e-05,0.0,0.0,0.0,0.0
2019-12-16,0.0,0.0,0.0,0.007147785279833618,0.007147785279833618,0.007147785279833618,0.007147785279833618,0.0,0.0,0.0,0.0
2019-12-17,0.0,0.0,0.0,0.00033529222633799094,0.00033529222633799094,0.00033529222633799094,0.00033529222633799094,0.0,0.0,0.0,0.0
2019-12-18,0.0,0.0,0.0,-0.00043230017186479675,-0.00043230017186479675,-0.00043230017186479675,-0.00043230017186479675,0.0,0.0,0.0,0.0
2019-12-19,0.0,0.0,0.0,0.004459292004863613,0.004459292004863613,0.004459292004863613,0.004459292004863613,0.0,0.0,0.0,0.0
2019-12-20,0.0,0.0,0.0,0.004944781081796634,0.004944781081796634,0.004944781081796634,0.004944781081796634,0.0,0.0,0.0,0.0
2019-12-23,0.0,0.0,0.0,0.0008661436002121992,0.0008661436002121992,0.0008661436002121992,0.0008661436002121992,0.0,0.0,0.0,0.0
2019-12-24,0.0,0.0,0.0,-0.00019544819997963092,-0.00019544819997963092,-0.00019544819997963092,-0.00019544819997963092,0.0,0.0,0.0,0.0
2019-12-26,0.0,0.0,0.0,0.005128166675301138,0.005128166675301138,0.005128166675301138,0.005128166675301138,0.0,0.0,0.0,0.0
2019-12-27,0.0,0.0,0.0,3.398471712534601e-05,3.398471712534601e-05,3.398471712534601e-05,3.398471712534601e-05,0.0,0.0,0.0,0.0
2019-12-30,0.0,0.0,0.0,-0.005780822450430323,-0.005780822450430323,-0.005780822450430323,-0.005780822450430323,0.0,0.0,0.0,0.0
2019-12-31,0.0,0.0,0.0,0.0029460216619106028,0.0029460216619106028,0.0029460216619106028,0.0029460216619106028,0.0,0.0,0.0,0.0
2020-01-02,0.0,0.0,0.0,0.008378802677341701,0.008378802677341701,0.008378802677341701,0.008378802677341701,0.0,0.0,0.0,0.0
2020-01-03,0.0,0.0,0.0,-0.007059870562045378,-0.007059870562045378,-0.007059870562045378,-0.007059870562045378,0.0,0.0,0.0,0.0
2020-01-06,0.0,0.0035333728907271933,0.0,0.0035333728907271933,0.0,-0.0035333728907271933,0.0035333728907271933,0.0,0.0,0.0,0.0
2020-01-07,0.0,-0.0028032386528962228,0.0,-0.0028032386528962228,0.0,0.0028032386528962228,-0.0028032386528962228,0.0,0.0,0.0,0.0
2020-01-08,0.0,0.004902451368978156,0.0,0.004902451368978156,0.0,-0.004902451368978156,0.004902451368978156,0.0,0.0,0.0,0.0
2020-01-09,0.0,0.006655262605488987,0.0,0.006655262605488987,0.0,-0.006655262605488987,0.006655262605488987,0.0,0.0,0.0,0.0
2020-01-10,0.0,-0.002855178689662563,0.0,-0.002855178689662563,0.0,0.002855178689662563,-0.002855178689662563,0.0,0.0,0.0,0.0
2020-01-13,0.0,0.006976215252569862,0.0,0.006976215252569862,0.0,-0.006976215252569862,0.006976215252569862,0.0,0.0,0.0,0.0
2020-01-14,0.0,-0.001514532772802224,0.0,-0.001514532772802224,0.0,0.001514532772802224,-0.001514532772802224,0.0,0.0,0.0,0.0
2020-01-15,0.0,0.0018701968845122874,0.0,0.0018701968845122874,0.0,-0.0018701968845122874,0.0018701968845122874,0.0,0.0,0.0,0.0
2020-01-16,0.0,0.00836655302646827,0.0,0.00836655302646827,0.0,-0.00836655302646827,0.00836655302646827,0.0,0.0,0.0,0.0
2020-01-17,0.0,0.003862162248501333,0.0,0.003862162248501333,0.0,-0.003862162248501333,0.003862162248501333,0.0,0.0,0.0,0.0
2020-01-21,0.0,-0.0026519776473655776,0.0,-0.0026519776473655776,0.0,0.0026519776473655776,-0.0026519776473655776,0.0,0.0,0.0,0.0
2020-01-22,0.0,0.0002890760711180551,0.0,0.0002890760711180551,0.0,-0.0002890760711180551,0.0002890760711180551,0.0,0.0,0.0,0.0
2020-01-23,0.0,0.0011409766124783616,0.0,0.0011409766124783616,0.0,-0.0011409766124783616,0.0011409766124783616,0.0,0.0,0.0,0.0
2020-01-24,0.0,-0.009042160974207403,0.0,-0.009042160974207403,0.0,0.009042160974207403,-0.009042160974207403,0.0,0.0,0.0,0.0
2020-01-27,0.0,-0.015730711659182384,0.0,-0.015730711659182384,0.0,0.015730711659182384,-0.015730711659182384,0.0,0.0,0.0,0.0
2020-01-28,0.0,0.010053584595046017,0.0,0.010053584595046017,0.0,-0.010053584595046017,0.010053584595046017,0.0,0.0,0.0,0.0
2020-01-29,0.0,-0.0008668741908683941,0.0,-0.0008668741908683941,0.0,0.0008668741908683941,-0.0008668741908683941,0.0,0.0,0.0,0.0
2020-01-30,0.0,0.003134358792605374,0.0,0.003134358792605374,0.0,-0.003134358792605374,0.003134358792605374,0.0,0.0,0.0,0.0
2020-01-31,0.0,-0.01770582037552626,0.0,-0.01770582037552626,0.0,0.01770582037552626,-0.01770582037552626,0.0,0.0,0.0,0.0
2020-02-03,0.0,0.007254613892351713,0.0,0.007254613892351713,0.0,-0.007254613892351713,0.007254613892351713,0.0,0.0,0.0,0.0
2020-02-04,0.0,0.014980414164082134,0.0,0.014980414164082134,0.0,-0.014980414164082134,0.014980414164082134,0.0,0.0,0.0,0.0
2020-02-05,0.0,0.01125059589785371,0.0,0.01125059589785371,0.0,-0.01125059589785371,0.01125059589785371,0.0,0.0,0.0,0.0
2020-02-06,0.0,0.003325672876785646,0.0,0.003325672876785646,0.0,-0.003325672876785646,0.003325672876785646,0.0,0.0,0.0,0.0
2020-02-07,0.0,-0.005400853672730133,0.0,-0.005400853672730133,0.0,0.005400853672730133,-0.005400853672730133,0.0,0.0,0.0,0.0
2020-02-10,0.0,0.007326397804890528,0.0,0.007326397804890528,0.0,-0.007326397804890528,0.007326397804890528,0.0,0.0,0.0,0.0
2020-02-11,0.0,0.0016884725532351208,0.0,0.0016884725532351208,0.0,-0.0016884725532351208,0.0016884725532351208,0.0,0.0,0.0,0.0
2020-02-12,0.0,0.006462646466197652,0.0,0.006462646466197652,0.0,-0.006462646466197652,0.006462646466197652,0.0,0.0,0.0,0.0
2020-02-13,0.0,-0.0016304457368023773,0.0,-0.0016304457368023773,0.0,0.0016304457368023773,-0.0016304457368023773,0.0,0.0,0.0,0.0
2020-02-14,0.0,0.0018435333204338544,0.0,0.0018435333204338544,0.0,-0.0018435333204338544,0.0018435333204338544,0.0,0.0,0.0,0.0
2020-02-18,0.0,-0.002919942636890105,0.0,-0.002919942636890105,0.0,0.002919942636890105,-0.002919942636890105,0.0,0.0,0.0,0.0
2020-02-19,0.0,0.004705785881164548,0.0,0.004705785881164548,0.0,-0.004705785881164548,0.004705785881164548,0.0,0.0,0.0,0.0
2020-02-20,0.0,-0.00381551976362815,0.0,-0.00381551976362815,0.0,0.00381551976362815,-0.00381551976362815,0.0,0.0,0.0,0.0
2020-02-21,0.0,-0.01051810302712286,0.0,-0.01051810302712286,0.0,0.01051810302712286,-0.01051810302712286,0.0,0.0,0.0,0.0
2020-02-24,0.0,-0.03351362667122315,0.0,-0.03351362667122315,0.0,0.03351362667122315,-0.03351362667122315,0.0,0.0,0.0,0.0
2020-02-25,0.0,-0.030279995565056117,0.0,-0.030279995565056117,0.0,0.030279995565056117,-0.030279995565056117,0.0,0.0,0.0,0.0
2020-02-26,0.0,-0.0037785406053220116,0.0,-0.0037785406053220116,0.0,0.0037785406053220116,-0.0037785406053220116,0.0,0.0,0.0,0.0
2020-02-27,0.0,-0.04416324258407911,0.0,-0.04416324258407911,0.0,0.04416324258407911,-0.04416324258407911,0.0,0.0,0.0,0.0
2020-02-28,0.0,-0.008238340444361891,0.0,-0.008238340444361891,0.0,0.008238340444361891,-0.008238340444361891,0.0,0.0,0.0,0.0
2020-03-02,0.0,0.046039229006110016,0.0,0.046039229006110016,0.0,-0.046039229006110016,0.046039229006110016,0.0,0.0,0.0,0.0
2020-03-03,0.0,-0.028107896121075893,0.0,-0.028107896121075893,0.0,0.028107896121075893,-0.028107896121075893,0.0,0.0,0.0,0.0
2020-03-04,0.0,0.04220259077449118,0.0,0.04220259077449118,0.0,-0.04220259077449118,0.04220259077449118,0.0,0.0,0.0,0.0
2020-03-05,0.0,-0.033922077046888544,0.0,-0.033922077046888544,0.0,0.033922077046888544,-0.033922077046888544,0.0,0.0,0.0,0.0
2020-03-06,0.0,-0.01705385200037013,0.0,-0.01705385200037013,0.0,0.01705385200037013,-0.01705385200037013,0.0,0.0,0.0,0.0
2020-03-09,0.0,-0.07596969747745097,0.0,-0.07596969747745097,0.0,0.07596969747745097,-0.07596969747745097,0.0,0.0,0.0,0.0
2020-03-10,0.0,0.04939630628156144,0.0,0.04939630628156144,0.0,-0.04939630628156144,0.04939630628156144,0.0,0.0,0.0,0.0
2020-03-11,0.0,-0.048868445131273974,0.0,-0.048868445131273974,0.0,0.048868445131273974,-0.048868445131273974,0.0,0.0,0.0,0.0
2020-03-12,0.0,-0.09511268097833658,0.0,-0.09511268097833658,0.0,0.09511268097833658,-0.09511268097833658,0.0,0.0,0.0,0.0
2020-03-13,0.0,0.09287124972971839,0.0,0.09287124972971839,0.0,-0.09287124972971839,0.09287124972971839,0.0,0.0,0.0,0.0
2020-03-16,0.0,-0.11984055240393443,0.0,-0.11984055240393443,0.0,0.11984055240393443,-0.11984055240393443,0.0,0.0,0.0,0.0
2020-03-17,0.0,0.05995484974402432,0.0,0.05995484974402432,0.0,-0.05995484974402432,0.05995484974402432,0.0,0.0,0.0,0.0
2020-03-18,0.0,-0.051830762729157875,0.0,-0.051830762729157875,0.0,0.051830762729157875,-0.051830762729157875,0.0,0.0,0.0,0.0
2020-03-19,0.0,0.0047078080405855705,0.0,0.0047078080405855705,0.0,-0.0047078080405855705,0.0047078080405855705,0.0,0.0,0.0,0.0
2020-03-20,0.0,-0.04335951230846191,0.0,-0.04335951230846191,0.0,0.04335951230846191,-0.04335951230846191,0.0,0.0,0.0,0.0
2020-03-23,0.0,-0.02929386782180443,0.0,-0.02929386782180443,0.0,0.02929386782180443,-0.02929386782180443,0.0,0.0,0.0,0.0
2020-03-24,0.0,0.09382773976227554,0.0,0.09382773976227554,0.0,-0.09382773976227554,0.09382773976227554,0.0,0.0,0.0,0.0
2020-03-25,0.0,0.011535011448221999,0.0,0.011535011448221999,0.0,-0.011535011448221999,0.011535011448221999,0.0,0.0,0.0,0.0
2020-03-26,0.0,0.062414163303876835,0.0,0.062414163303876835,0.0,-0.062414163303876835,0.062414163303876835,0.0,0.0,0.0,0.0
2020-03-27,0.0,-0.033687352562252526,0.0,-0.033687352562252526,0.0,0.033687352562252526,-0.033687352562252526,0.0,0.0,0.0,0.0
2020-03-30,0.0,0.03351600948370015,0.0,0.03351600948370015,0.0,-0.03351600948370015,0.03351600948370015,0.0,0.0,0.0,0.0
2020-03-31,0.0,-0.016012721914555605,0.0,-0.016012721914555605,0.0,0.016012721914555605,-0.016012721914555605,0.0,0.0,0.0,0.0
2020-04-01,0.0,-0.04414243033166543,0.0,-0.04414243033166543,0.0,0.04414243033166543,-0.04414243033166543,0.0,0.0,0.0,0.0
2020-04-02,0.0,0.02282934723487151,0.0,0.02282934723487151,0.0,-0.02282934723487151,0.02282934723487151,0.0,0.0,0.0,0.0
2020-04-03,0.0,-0.015137125124949469,0.0,-0.015137125124949469,0.0,0.015137125124949469,-0.015137125124949469,0.0,0.0,0.0,0.0
2020-04-06,0.0,-0.07033131865275055,0.0,0.07033131865275055,-0.07033131865275055,-0.07033131865275055,0.07033131865275055,0.0,0.0,0.0,-0.07033131865275055
2020-04-07,0.0,0.0016030527844311804,0.0,-0.0016030527844311804,0.0016030527844311804,0.0016030527844311804,-0.0016030527844311804,0.0,0.0,0.0,0.0016030527844311804
2020-04-08,0.0,-0.03405645287963033,0.0,0.03405645287963033,-0.03405645287963033,-0.03405645287963033,0.03405645287963033,0.0,0.0,0.0,-0.03405645287963033
2020-04-09,0.0,-0.014487410153376512,0.0,0.014487410153376512,-0.014487410153376512,-0.014487410153376512,0.014487410153376512,0.0,0.0,0.0,-0.014487410153376512
2020-04-13,0.0,0.010104660822607414,0.0,-0.010104660822607414,0.010104660822607414,0.010104660822607414,-0.010104660822607414,0.0,0.0,0.0,0.010104660822607414
2020-04-14,0.0,-0.030572589146256046,0.0,0.030572589146256046,-0.030572589146256046,-0.030572589146256046,0.030572589146256046,0.0,0.0,0.0,-0.030572589146256046
2020-04-15,0.0,0.022030438529415775,0.0,-0.022030438529415775,0.022030438529415775,0.022030438529415775,-0.022030438529415775,0.0,0.0,0.0,0.022030438529415775
2020-04-16,0.0,-0.005816689462164515,0.0,0.005816689462164515,-0.005816689462164515,-0.005816689462164515,0.005816689462164515,0.0,0.0,0.0,-0.005816689462164515
2020-04-17,0.0,-0.026793594848223412,0.0,0.026793594848223412,-0.026793594848223412,-0.026793594848223412,0.026793594848223412,0.0,0.0,0.0,-0.026793594848223412
2020-04-20,0.0,0.01788104803401469,0.0,-0.01788104803401469,0.01788104803401469,0.01788104803401469,-0.01788104803401469,0.0,0.0,0.0,0.01788104803401469
2020-04-21,0.0,0.030674795694063395,0.0,-0.030674795694063395,0.030674795694063395,0.030674795694063395,-0.030674795694063395,0.0,0.0,0.0,0.030674795694063395
2020-04-22,0.0,-0.022930247703843776,0.0,0.022930247703843776,-0.022930247703843776,-0.022930247703843776,0.022930247703843776,0.0,0.0,0.0,-0.022930247703843776
2020-04-23,0.0,0.0005394221197431159,0.0,-0.0005394221197431159,0.0005394221197431159,0.0005394221197431159,-0.0005394221197431159,0.0,0.0,0.0,0.0005394221197431159
2020-04-24,0.0,-0.013918057304545428,0.0,0.013918057304545428,-0.013918057304545428,-0.013918057304545428,0.013918057304545428,0.0,0.0,0.0,-0.013918057304545428
2020-04-27,0.0,-0.014714069804799612,0.0,0.014714069804799612,-0.014714069804799612,-0.014714069804799612,0.014714069804799612,0.0,0.0,0.0,-0.014714069804799612
2020-04-28,0.0,0.005242380698498916,0.0,-0.005242380698498916,0.005242380698498916,0.005242380698498916,-0.005242380698498916,0.0,0.0,0.0,0.005242380698498916
2020-04-29,0.0,-0.026583916282167053,0.0,0.026583916282167053,-0.026583916282167053,-0.026583916282167053,0.026583916282167053,0.0,0.0,0.0,-0.026583916282167053
2020-04-30,0.0,0.009212446303987654,0.0,-0.009212446303987654,0.009212446303987654,0.009212446303987654,-0.009212446303987654,0.0,0.0,0.0,0.009212446303987654
2020-05-01,0.0,0.028059034078492195,0.0,-0.028059034078492195,0.028059034078492195,0.028059034078492195,-0.028059034078492195,0.0,0.0,0.0,0.028059034078492195
2020-05-04,0.0,-0.004249827591976452,0.0,0.004249827591976452,-0.004249827591976452,-0.004249827591976452,0.004249827591976452,0.0,0.0,0.0,-0.004249827591976452
2020-05-05,0.0,-0.009040556385797371,0.0,0.009040556385797371,-0.009040556385797371,-0.009040556385797371,0.009040556385797371,0.0,0.0,0.0,-0.009040556385797371
2020-05-06,0.0,0.006979410390386298,0.0,-0.006979410390386298,0.006979410390386298,0.006979410390386298,-0.006979410390386298,0.0,0.0,0.0,0.006979410390386298
2020-05-07,0.0,-0.011504630788313985,0.0,0.011504630788313985,-0.011504630788313985,-0.011504630788313985,0.011504630788313985,0.0,0.0,0.0,-0.011504630788313985
2020-05-08,0.0,-0.016871538638701944,0.0,0.016871538638701944,-0.016871538638701944,-0.016871538638701944,0.016871538638701944,0.0,0.0,0.0,-0.016871538638701944
2020-05-11,0.0,-0.00013307822091168653,0.0,0.00013307822091168653,-0.00013307822091168653,-0.00013307822091168653,0.00013307822091168653,0.0,0.0,0.0,-0.00013307822091168653
2020-05-12,0.0,0.020500317528877154,0.0,-0.020500317528877154,0.020500317528877154,0.020500317528877154,-0.020500317528877154,0.0,0.0,0.0,0.020500317528877154
2020-05-13,0.0,0.01746272460422804,0.0,-0.01746272460422804,0.01746272460422804,0.01746272460422804,-0.01746272460422804,0.0,0.0,0.0,0.01746272460422804
2020-05-14,0.0,-0.01152482269503552,0.0,0.01152482269503552,-0.01152482269503552,-0.01152482269503552,0.01152482269503552,0.0,0.0,0.0,-0.01152482269503552
2020-05-15,0.0,-0.0039263632504382695,0.0,0.0039263632504382695,-0.0039263632504382695,-0.0039263632504382695,0.0039263632504382695,0.0,0.0,0.0,-0.0039263632504382695
2020-05-18,0.0,-0.03150119163168075,0.0,0.03150119163168075,-0.03150119163168075,-0.03150119163168075,0.03150119163168075,0.0,0.0,0.0,-0.03150119163168075
2020-05-19,0.0,0.010484399194493177,0.0,-0.010484399194493177,0.010484399194493177,0.010484399194493177,-0.010484399194493177,0.0,0.0,0.0,0.010484399194493177
2020-05-20,0.0,-0.01665110025908012,0.0,0.01665110025908012,-0.01665110025908012,-0.01665110025908012,0.01665110025908012,0.0,0.0,0.0,-0.01665110025908012
2020-05-21,0.0,0.007773596407737116,0.0,-0.007773596407737116,0.007773596407737116,0.007773596407737116,-0.007773596407737116,0.0,0.0,0.0,0.007773596407737116
2020-05-22,0.0,-0.002353711326488428,0.0,0.002353711326488428,-0.002353711326488428,-0.002353711326488428,0.002353711326488428,0.0,0.0,0.0,-0.002353711326488428
2020-05-26,0.0,-0.012289184036080147,0.0,0.012289184036080147,-0.012289184036080147,-0.012289184036080147,0.012289184036080147,0.0,0.0,0.0,-0.012289184036080147
2020-05-27,0.0,-0.014827297215913804,0.0,0.014827297215913804,-0.014827297215913804,-0.014827297215913804,0.014827297215913804,0.0,0.0,0.0,-0.014827297215913804
2020-05-28,0.0,0.0021079145460738413,0.0,-0.0021079145460738413,0.0021079145460738413,0.0021079145460738413,-0.0021079145460738413,0.0,0.0,0.0,0.0021079145460738413
2020-05-29,0.0,-0.004812335824971425,0.0,0.004812335824971425,-0.004812335824971425,-0.004812335824971425,0.004812335824971425,0.0,0.0,0.0,-0.004812335824971425
2020-06-01,0.0,-0.003751234813537785,0.0,0.003751234813537785,-0.003751234813537785,-0.003751234813537785,0.003751234813537785,0.0,0.0,0.0,-0.003751234813537785
2020-06-02,0.0,-0.008210832780053412,0.0,0.008210832780053412,-0.008210832780053412,-0.008210832780053412,0.008210832780053412,0.0,0.0,0.0,-0.008210832780053412
2020-06-03,0.0,-0.013648979133831007,0.0,0.013648979133831007,-0.013648979133831007,-0.013648979133831007,0.013648979133831007,0.0,0.0,0.0,-0.013648979133831007
2020-06-04,0.0,0.0033687022311144066,0.0,-0.0033687022311144066,0.0033687022311144066,0.0033687022311144066,-0.0033687022311144066,0.0,0.0,0.0,0.0033687022311144066
2020-06-05,0.0,-0.026211650818398713,0.0,0.026211650818398713,-0.026211650818398713,-0.026211650818398713,0.026211650818398713,0.0,0.0,0.0,-0.026211650818398713
2020-06-08,0.0,-0.012041579421169235,0.0,0.012041579421169235,-0.012041579421169235,-0.012041579421169235,0.012041579421169235,0.0,0.0,0.0,-0.012041579421169235
2020-06-09,0.0,0.007799170822611612,0.0,-0.007799170822611612,0.007799170822611612,0.007799170822611612,-0.007799170822611612,0.0,0.0,0.0,0.007799170822611612
2020-06-10,0.0,0.0053130910724373814,0.0,-0.0053130910724373814,0.0053130910724373814,0.0053130910724373814,-0.0053130910724373814,0.0,0.0,0.0,0.0053130910724373814
2020-06-11,0.0,0.05894405927443824,0.0,-0.05894405927443824,0.05894405927443824,0.05894405927443824,-0.05894405927443824,0.0,0.0,0.0,0.05894405927443824
2020-06-12,0.0,-0.013060843963234703,0.0,0.013060843963234703,-0.013060843963234703,-0.013060843963234703,0.013060843963234703,0.0,0.0,0.0,-0.013060843963234703
2020-06-15,0.0,-0.008312217041285264,0.0,0.008312217041285264,-0.008312217041285264,-0.008312217041285264,0.008312217041285264,0.0,0.0,0.0,-0.008312217041285264
2020-06-16,0.0,-0.01896239819380252,0.0,0.01896239819380252,-0.01896239819380252,-0.01896239819380252,0.01896239819380252,0.0,0.0,0.0,-0.01896239819380252
2020-06-17,0.0,0.0036002995561740248,0.0,-0.0036002995561740248,0.0036002995561740248,0.0036002995561740248,-0.0036002995561740248,0.0,0.0,0.0,0.0036002995561740248
2020-06-18,0.0,-0.0005942198825281686,0.0,0.0005942198825281686,-0.0005942198825281686,-0.0005942198825281686,0.0005942198825281686,0.0,0.0,0.0,-0.0005942198825281686
2020-06-19,0.0,0.005649494809462974,0.0,-0.005649494809462974,0.005649494809462974,0.005649494809462974,-0.005649494809462974,0.0,0.0,0.0,0.005649494809462974
2020-06-22,0.0,-0.006495095537691675,0.0,0.006495095537691675,-0.006495095537691675,-0.006495095537691675,0.006495095537691675,0.0,0.0,0.0,-0.006495095537691675
2020-06-23,0.0,-0.004307419569164139,0.0,0.004307419569164139,-0.004307419569164139,-0.004307419569164139,0.004307419569164139,0.0,0.0,0.0,-0.004307419569164139
2020-06-24,0.0,0.025855145939064572,0.0,-0.025855145939064572,0.025855145939064572,0.025855145939064572,-0.025855145939064572,0.0,0.0,0.0,0.025855145939064572
2020-06-25,0.0,-0.010959447267809841,0.0,0.010959447267809841,-0.010959447267809841,-0.010959447267809841,0.010959447267809841,0.0,0.0,0.0,-0.010959447267809841
2020-06-26,0.0,0.024226905044785974,0.0,-0.024226905044785974,0.024226905044785974,0.024226905044785974,-0.024226905044785974,0.0,0.0,0.0,0.024226905044785974
2020-06-29,0.0,-0.014685678433118632,0.0,0.014685678433118632,-0.014685678433118632,-0.014685678433118632,0.014685678433118632,0.0,0.0,0.0,-0.014685678433118632
2020-06-30,0.0,-0.015409875731554612,0.0,0.015409875731554612,-0.015409875731554612,-0.015409875731554612,0.015409875731554612,0.0,0.0,0.0,-0.015409875731554612
2020-07-01,0.0,-0.005022132820864389,0.0,0.005022132820864389,-0.005022132820864389,-0.005022132820864389,0.005022132820864389,0.0,0.0,0.0,-0.005022132820864389
2020-07-02,0.0,-0.004541250844364075,0.0,0.004541250844364075,-0.004541250844364075,-0.004541250844364075,0.004541250844364075,0.0,0.0,0.0,-0.004541250844364075
2020-07-06,0.0,-0.01588172586745884,0.0,0.01588172586745884,-0.01588172586745884,-0.01588172586745884,0.01588172586745884,0.0,0.0,0.0,-0.01588172586745884
2020-07-07,0.0,0.010818532028197159,0.010818532028197159,-0.010818532028197159,0.010818532028197159,0.010818532028197159,-0.010818532028197159,0.0,0.0,0.0,0.0
2020-07-08,0.0,-0.007827461915415501,-0.007827461915415501,0.007827461915415501,-0.007827461915415501,-0.007827461915415501,0.007827461915415501,0.0,0.0,0.0,0.0
2020-07-09,0.0,0.005643606159361103,0.005643606159361103,-0.005643606159361103,0.005643606159361103,0.005643606159361103,-0.005643606159361103,0.0,0.0,0.0,0.0
2020-07-10,0.0,-0.01046620127324438,-0.01046620127324438,0.01046620127324438,-0.01046620127324438,-0.01046620127324438,0.01046620127324438,0.0,0.0,0.0,0.0
2020-07-13,0.0,0.009362541127788226,0.009362541127788226,-0.009362541127788226,0.009362541127788226,0.009362541127788226,-0.009362541127788226,0.0,0.0,0.0,0.0
2020-07-14,0.0,-0.013406370782667931,-0.013406370782667931,0.013406370782667931,-0.013406370782667931,-0.013406370782667931,0.013406370782667931,0.0,0.0,0.0,0.0
2020-07-15,0.0,-0.009082050740923053,-0.009082050740923053,0.009082050740923053,-0.009082050740923053,-0.009082050740923053,0.009082050740923053,0.0,0.0,0.0,0.0
2020-07-16,0.0,0.0034061012455366413,0.0034061012455366413,-0.0034061012455366413,0.0034061012455366413,0.0034061012455366413,-0.0034061012455366413,0.0,0.0,0.0,0.0
2020-07-17,0.0,-0.002848612194617406,-0.002848612194617406,0.002848612194617406,-0.002848612194617406,-0.002848612194617406,0.002848612194617406,0.0,0.0,0.0,0.0
2020-07-20,0.0,-0.0084069387471426,-0.0084069387471426,0.0084069387471426,-0.0084069387471426,-0.0084069387471426,0.0084069387471426,0.0,0.0,0.0,0.0
2020-07-21,0.0,-0.0016790373419135474,-0.0016790373419135474,0.0016790373419135474,-0.0016790373419135474,-0.0016790373419135474,0.0016790373419135474,0.0,0.0,0.0,0.0
2020-07-22,0.0,-0.005747082068739751,-0.005747082068739751,0.005747082068739751,-0.005747082068739751,-0.005747082068739751,0.005747082068739751,0.0,0.0,0.0,0.0
2020-07-23,0.0,0.012319859824193036,0.012319859824193036,-0.012319859824193036,0.012319859824193036,0.012319859824193036,-0.012319859824193036,0.0,0.0,0.0,0.0
2020-07-24,0.0,0.006190400054688405,0.006190400054688405,-0.006190400054688405,0.006190400054688405,0.006190400054688405,-0.006190400054688405,0.0,0.0,0.0,0.0
2020-07-27,0.0,-0.007395138795039502,-0.007395138795039502,0.007395138795039502,-0.007395138795039502,-0.007395138795039502,0.007395138795039502,0.0,0.0,0.0,0.0
2020-07-28,0.0,0.006473392152297919,0.006473392152297919,-0.006473392152297919,0.006473392152297919,0.006473392152297919,-0.006473392152297919,0.0,0.0,0.0,0.0
2020-07-29,0.0,-0.01242838167815008,-0.01242838167815008,0.01242838167815008,-0.01242838167815008,-0.01242838167815008,0.01242838167815008,0.0,0.0,0.0,0.0
2020-07-30,0.0,0.003750251937389204,0.003750251937389204,-0.003750251937389204,0.003750251937389204,0.003750251937389204,-0.003750251937389204,0.0,0.0,0.0,0.0
2020-07-31,0.0,-0.007670504990141325,-0.007670504990141325,0.007670504990141325,-0.007670504990141325,-0.007670504990141325,0.007670504990141325,0.0,0.0,0.0,0.0
2020-08-03,0.0,-0.00718102343932614,-0.00718102343932614,0.00718102343932614,-0.00718102343932614,-0.00718102343932614,0.00718102343932614,0.0,0.0,0.0,0.0
2020-08-04,0.0,-0.0036119303819721615,-0.0036119303819721615,0.0036119303819721615,-0.0036119303819721615,-0.0036119303819721615,0.0036119303819721615,0.0,0.0,0.0,0.0
2020-08-05,0.0,-0.006429743053199433,-0.006429743053199433,0.006429743053199433,-0.006429743053199433,-0.006429743053199433,0.006429743053199433,0.0,0.0,0.0,0.0
2020-08-06,0.0,-0.00642769555966427,-0.00642769555966427,0.00642769555966427,-0.00642769555966427,-0.00642769555966427,0.00642769555966427,0.0,0.0,0.0,0.0
2020-08-07,0.0,-0.0006330295486443038,-0.0006330295486443038,0.0006330295486443038,-0.0006330295486443038,-0.0006330295486443038,0.0006330295486443038,0.0,0.0,0.0,0.0
2020-08-10,0.0,-0.002742218294476073,-0.002742218294476073,0.002742218294476073,-0.002742218294476073,-0.002742218294476073,0.002742218294476073,0.0,0.0,0.0,0.0
2020-08-11,0.0,0.007969132154236114,0.007969132154236114,-0.007969132154236114,0.007969132154236114,0.007969132154236114,-0.007969132154236114,0.0,0.0,0.0,0.0
2020-08-12,0.0,-0.013996549490237653,-0.013996549490237653,0.013996549490237653,-0.013996549490237653,-0.013996549490237653,0.013996549490237653,0.0,0.0,0.0,0.0
2020-08-13,0.0,0.002047174350497949,0.002047174350497949,-0.002047174350497949,0.002047174350497949,0.002047174350497949,-0.002047174350497949,0.0,0.0,0.0,0.0
2020-08-14,0.0,0.00017188262276812694,0.00017188262276812694,-0.00017188262276812694,0.00017188262276812694,0.00017188262276812694,-0.00017188262276812694,0.0,0.0,0.0,0.0
2020-08-17,0.0,-0.0027098425110787527,-0.0027098425110787527,0.0027098425110787527,-0.0027098425110787527,-0.0027098425110787527,0.0027098425110787527,0.0,0.0,0.0,0.0
2020-08-18,0.0,-0.002303389154016955,-0.002303389154016955,0.002303389154016955,-0.002303389154016955,-0.002303389154016955,0.002303389154016955,0.0,0.0,0.0,0.0
2020-08-19,0.0,0.0044043954214108005,0.0044043954214108005,-0.0044043954214108005,0.0044043954214108005,0.0044043954214108005,-0.0044043954214108005,0.0,0.0,0.0,0.0
2020-08-20,0.0,-0.0031586327691348615,-0.0031586327691348615,0.0031586327691348615,-0.0031586327691348615,-0.0031586327691348615,0.0031586327691348615,0.0,0.0,0.0,0.0
2020-08-21,0.0,-0.0034411070444764214,-0.0034411070444764214,0.0034411070444764214,-0.0034411070444764214,-0.0034411070444764214,0.0034411070444764214,0.0,0.0,0.0,0.0
2020-08-24,0.0,-0.010043718303008653,-0.010043718303008653,0.010043718303008653,-0.010043718303008653,-0.010043718303008653,0.010043718303008653,0.0,0.0,0.0,0.0
2020-08-25,0.0,-0.0035963511532906,-0.0035963511532906,0.0035963511532906,-0.0035963511532906,-0.0035963511532906,0.0035963511532906,0.0,0.0,0.0,0.0
2020-08-26,0.0,-0.010195626139483993,-0.010195626139483993,0.010195626139483993,-0.010195626139483993,-0.010195626139483993,0.010195626139483993,0.0,0.0,0.0,0.0
2020-08-27,0.0,-0.0016730440109038458,-0.0016730440109038458,0.0016730440109038458,-0.0016730440109038458,-0.0016730440109038458,0.0016730440109038458,0.0,0.0,0.0,0.0
2020-08-28,0.0,-0.00673256535528588,-0.00673256535528588,0.00673256535528588,-0.00673256535528588,-0.00673256535528588,0.00673256535528588,0.0,0.0,0.0,0.0
2020-08-31,0.0,0.0021949627140287475,0.0021949627140287475,-0.0021949627140287475,0.0021949627140287475,0.0021949627140287475,-0.0021949627140287475,0.0,0.0,0.0,0.0
2020-09-01,0.0,-0.007525003016613407,-0.007525003016613407,0.007525003016613407,-0.007525003016613407,-0.007525003016613407,0.007525003016613407,0.0,0.0,0.0,0.0
2020-09-02,0.0,-0.015365910154807594,-0.015365910154807594,0.015365910154807594,-0.015365910154807594,-0.015365910154807594,0.015365910154807594,0.0,0.0,0.0,0.0
2020-09-03,0.0,0.03512584371534122,0.03512584371534122,-0.03512584371534122,0.03512584371534122,0.03512584371534122,-0.03512584371534122,0.0,0.0,0.0,0.0
2020-09-04,0.0,0.008133027264274895,0.008133027264274895,-0.008133027264274895,0.008133027264274895,0.008133027264274895,-0.008133027264274895,0.0,0.0,0.0,0.0
2020-09-08,0.0,0.027756342102360998,0.027756342102360998,-0.027756342102360998,0.027756342102360998,0.027756342102360998,-0.027756342102360998,0.0,0.0,0.0,0.0
2020-09-09,0.0,-0.02014498633677464,-0.02014498633677464,0.02014498633677464,-0.02014498633677464,-0.02014498633677464,0.02014498633677464,0.0,0.0,0.0,0.0
2020-09-10,0.0,0.01758479659017942,0.01758479659017942,-0.01758479659017942,0.01758479659017942,0.01758479659017942,-0.01758479659017942,0.0,0.0,0.0,0.0
2020-09-11,0.0,-0.0005330721905940639,-0.0005330721905940639,0.0005330721905940639,-0.0005330721905940639,-0.0005330721905940639,0.0005330721905940639,0.0,0.0,0.0,0.0
2020-09-14,0.0,-0.012741829089357504,-0.012741829089357504,0.012741829089357504,-0.012741829089357504,-0.012741829089357504,0.012741829089357504,0.0,0.0,0.0,0.0
2020-09-15,0.0,-0.005219359577689042,-0.005219359577689042,0.005219359577689042,-0.005219359577689042,-0.005219359577689042,0.005219359577689042,0.0,0.0,0.0,0.0
2020-09-16,0.0,0.004618946596211537,0.004618946596211537,-0.004618946596211537,0.004618946596211537,0.004618946596211537,-0.004618946596211537,0.0,0.0,0.0,0.0
2020-09-17,0.0,0.008412365876402483,0.008412365876402483,-0.008412365876402483,0.008412365876402483,0.008412365876402483,-0.008412365876402483,0.0,0.0,0.0,0.0
2020-09-18,0.0,0.011182581807410497,0.011182581807410497,-0.011182581807410497,0.011182581807410497,0.011182581807410497,-0.011182581807410497,0.0,0.0,0.0,0.0
2020-09-21,0.0,0.011571097930805796,0.011571097930805796,-0.011571097930805796,0.011571097930805796,0.011571097930805796,-0.011571097930805796,0.0,0.0,0.0,0.0
2020-09-22,0.0,-0.010517945160813724,-0.010517945160813724,0.010517945160813724,-0.010517945160813724,-0.010517945160813724,0.010517945160813724,0.0,0.0,0.0,0.0
2020-09-23,0.0,0.023721455093028143,0.023721455093028143,-0.023721455093028143,0.023721455093028143,0.023721455093028143,-0.023721455093028143,0.0,0.0,0.0,0.0
2020-09-24,0.0,-0.0029874591429570607,-0.0029874591429570607,0.0029874591429570607,-0.0029874591429570607,-0.0029874591429570607,0.0029874591429570607,0.0,0.0,0.0,0.0
2020-09-25,0.0,-0.0159767237756141,-0.0159767237756141,0.0159767237756141,-0.0159767237756141,-0.0159767237756141,0.0159767237756141,0.0,0.0,0.0,0.0
2020-09-28,0.0,-0.016110590199083896,-0.016110590199083896,0.016110590199083896,-0.016110590199083896,-0.016110590199083896,0.016110590199083896,0.0,0.0,0.0,0.0
2020-09-29,0.0,0.0048126645432444715,0.0048126645432444715,-0.0048126645432444715,0.0048126645432444715,0.0048126645432444715,-0.0048126645432444715,0.0,0.0,0.0,0.0
2020-09-30,0.0,-0.008253718228220741,-0.008253718228220741,0.008253718228220741,-0.008253718228220741,-0.008253718228220741,0.008253718228220741,0.0,0.0,0.0,0.0
2020-10-01,0.0,-0.005292907769290922,-0.005292907769290922,0.005292907769290922,-0.005292907769290922,-0.005292907769290922,0.005292907769290922,0.0,0.0,0.0,0.0
2020-10-02,0.0,0.009577652178616392,0.009577652178616392,-0.009577652178616392,0.009577652178616392,0.009577652178616392,-0.009577652178616392,0.0,0.0,0.0,0.0
